particle_id,frame,x,y
0,0,535.2757,206.79865
0,1,537.3073,208.05379
0,2,537.11804,208.14928
0,3,537.14386,208.17729
0,4,539.2484,207.92609
0,5,539.2952,207.97853
0,6,539.30304,207.90022
0,7,539.31195,207.91377
0,8,538.84546,207.68315
0,9,538.8794,207.68721
0,10,538.7979,207.66321
0,11,538.0779,208.09863
0,12,538.1232,208.09402
0,13,535.9191,213.25575
0,14,535.93896,213.25009
0,15,535.9387,213.16753
0,16,535.24194,211.4558
0,17,535.2554,211.38676
0,18,535.28845,211.35376
0,19,534.64215,208.95421
0,20,534.7099,208.92981
0,21,534.7033,208.89702
0,22,537.0209,206.93216
0,23,536.98584,206.99463
0,24,537.0936,207.05516
0,25,537.3853,207.01341
0,26,537.39124,207.03374
0,27,535.3277,208.19083
0,28,535.3875,208.23212
0,29,535.32794,208.22809
0,30,537.7821,208.03157
0,31,537.6936,208.0501
0,32,537.6698,208.00331
0,33,541.27527,207.50354
0,34,541.4327,207.52682
0,35,541.56616,207.53859
0,36,540.833,208.22502
0,37,540.8027,208.19095
0,38,540.83167,208.27203
0,39,540.8165,208.24472
0,40,541.52155,207.24776
0,41,542.118,209.14815
0,42,542.1291,209.14752
0,43,542.1366,209.26503
0,44,539.9417,208.99736
0,45,539.786,208.89833
0,46,539.7115,208.86537
0,47,539.27106,208.18507
0,48,539.2468,208.21704
0,49,539.2926,208.24464
0,50,543.08234,206.95757
0,51,543.17053,207.07228
0,52,543.17053,207.07228
0,53,544.7492,207.12883
0,54,544.7978,207.13678
0,55,544.69183,207.07895
0,56,544.6834,207.09079
0,57,543.7177,204.7606
0,58,541.94696,202.28961
0,59,541.90924,202.15034
0,60,541.8736,202.09012
0,61,541.8661,202.10158
0,62,542.94885,204.59465
0,63,542.8858,204.61165
0,64,544.8016,204.66515
0,65,544.66187,204.54146
0,66,544.66425,204.62863
0,67,544.65967,204.58148
0,68,543.00134,203.75711
0,69,543.0445,203.77547
0,70,544.3342,202.57668
0,71,544.37067,202.62045
0,72,544.28845,202.62859
0,73,545.7001,202.66614
0,74,545.72723,202.59955
0,75,545.7166,202.6154
0,76,544.363,200.48146
0,77,544.39014,200.5146
0,78,544.34625,200.46994
0,79,544.6721,198.87294
0,80,544.6412,198.82504
0,81,545.38007,199.01003
0,82,545.4606,199.0118
0,83,545.4161,199.0687
0,84,545.31433,199.67027
0,85,545.29407,199.69736
0,86,545.26154,199.72232
0,87,542.5187,201.30716
0,88,542.4155,201.33763
0,89,542.4706,201.44766
0,90,542.4325,201.41376
0,91,542.0023,201.71815
0,92,542.0393,201.40726
0,93,541.9526,200.55984
0,94,541.928,200.60979
0,95,541.94214,200.57318
0,96,544.92395,202.43185
0,97,544.956,202.39612
0,98,547.1762,201.42566
0,99,547.2637,201.32805
0,100,547.5286,201.29651
0,101,552.1198,198.52464
0,102,552.02026,198.4263
0,103,551.9898,198.35124
0,104,553.463,199.36726
0,105,553.44464,199.35683
0,106,553.47864,199.30818
0,107,552.3975,202.68536
0,108,552.36316,202.6386
0,109,552.2319,202.60028
0,110,552.794,203.62202
0,111,552.7777,203.65636
0,112,552.805,203.66043
0,113,554.6937,206.25745
0,114,554.6268,206.21315
0,115,553.48773,207.90544
0,116,553.5501,207.78447
0,117,553.6197,207.66936
0,118,553.5372,207.7395
0,119,553.3266,207.13982
0,120,553.27496,207.12991
0,121,553.2088,207.1108
0,122,553.21954,205.30548
0,123,553.2187,205.21394
0,124,553.1941,205.34317
0,125,554.071,202.0709
0,126,554.1388,201.9993
0,127,555.5262,198.70535
0,128,555.5644,198.73691
0,129,555.6281,198.72978
0,130,554.6747,197.00151
0,131,554.60956,196.8277
0,132,555.86884,199.23659
0,133,555.88635,199.34956
0,134,555.9292,199.28775
0,135,553.69696,200.16824
0,136,553.7906,200.1925
0,137,553.81805,200.17981
0,138,553.7536,200.10658
0,139,552.587,198.22926
0,140,552.51855,198.2214
0,141,552.18713,196.29382
0,142,552.1913,196.18716
0,143,552.1123,196.09845
0,144,552.1963,194.42938
0,145,552.2096,194.53893
0,146,552.17896,194.59082
0,147,553.3407,193.10052
0,148,553.2902,193.10655
0,149,553.2633,193.11708
0,150,553.2581,192.31921
0,151,553.36444,192.22858
0,152,553.36444,192.22858
0,153,553.06915,192.27428
0,154,553.0134,192.28809
0,155,556.0562,192.56752
0,156,556.05505,192.6056
0,157,556.1051,192.67201
0,158,554.23376,190.81241
0,159,554.30817,190.86897
0,160,554.2794,190.8128
0,161,554.4493,189.6716
0,162,554.4061,189.51527
0,163,554.41437,189.47362
0,164,555.1398,187.52812
0,165,555.138,187.43199
0,166,555.01483,187.35516
0,167,554.05615,187.30551
0,168,554.0895,187.30078
0,169,554.12494,187.33885
0,170,552.2769,186.69475
0,171,552.2356,186.70769
0,172,552.2299,186.69545
0,173,551.8321,185.57436
0,174,551.83026,185.57245
0,175,551.82513,185.52414
0,176,553.0154,182.13155
0,177,553.0121,182.08426
0,178,553.9337,182.41292
0,179,553.9101,182.52226
0,180,553.92365,182.5083
0,181,553.89935,182.50798
0,182,554.4384,182.05963
0,183,554.5097,182.13297
0,184,556.6679,179.95978
0,185,556.74945,180.04353
0,186,556.76855,180.0303
0,187,554.44635,181.79628
0,188,554.455,181.729
0,189,554.5193,181.6685
0,190,554.5491,183.40633
0,191,554.4597,183.45847
0,192,554.5291,183.43091
0,193,557.5715,184.36407
0,194,557.7399,184.44667
0,195,559.73315,185.56757
0,196,560.1383,185.67119
0,197,559.9607,185.60033
0,198,559.9148,185.50725
0,199,561.8369,187.86183
0,200,561.79,187.73302
0,201,562.8666,185.78423
0,202,562.84235,185.71243
0,203,562.9358,185.74806
0,204,565.232,186.10188
0,205,565.3801,186.29326
0,206,565.4023,186.32167
0,207,564.7324,186.12067
0,208,564.6868,186.19699
0,209,564.6155,184.76306
0,210,564.65063,184.74217
0,211,564.6448,184.75053
0,212,562.9411,183.66139
0,213,562.89465,183.59944
0,214,562.96014,183.72707
0,215,563.5592,185.09576
0,216,563.39246,185.13455
0,217,563.4501,185.18665
0,218,564.58527,184.33429
0,219,564.4716,184.35898
0,220,564.4158,184.32932
0,221,566.01245,183.6492
0,222,566.18054,183.60803
0,223,566.2228,183.47447
0,224,566.263,183.47789
0,225,569.2811,182.50404
0,226,569.29004,182.43442
0,227,571.097,179.74985
0,228,571.1077,179.75385
0,229,571.38,179.84581
0,230,570.7712,179.61166
0,231,570.5898,179.40973
0,232,570.45953,179.35188
0,233,569.30566,177.39345
0,234,569.3043,177.52872
0,235,569.353,178.29967
0,236,569.3501,178.3069
0,237,569.4183,178.14952
0,238,569.3076,177.2715
0,239,569.42773,177.28214
0,240,569.3843,177.18272
0,241,570.70135,178.2185
0,242,570.4791,178.16396
0,243,570.2046,178.15419
0,244,568.7314,177.53864
0,245,568.7834,177.49174
0,246,568.81305,177.5895
0,247,569.086,174.38107
0,248,569.1316,174.33871
0,249,568.7286,176.86043
0,250,568.697,176.86258
0,251,568.6253,176.73546
0,252,568.6253,176.73546
0,253,565.9442,178.00444
0,254,565.8577,177.91205
0,255,567.9746,175.86456
0,256,567.9091,175.65218
0,257,567.90796,175.6051
0,258,565.0852,173.19641
0,259,565.097,173.12355
0,260,565.13135,173.11914
0,261,567.36615,175.88098
0,262,567.5975,175.67152
0,263,567.57855,175.3857
0,264,567.48096,181.00174
0,265,567.3701,181.00563
0,266,567.072,178.29463
0,267,567.0988,178.20995
0,268,567.0853,178.32628
0,269,566.0208,177.83597
0,270,565.9163,177.75554
0,271,565.9092,177.78212
0,272,565.88745,177.79257
0,273,564.0602,178.93222
0,274,564.0546,178.93164
0,275,564.0884,178.923
0,276,563.70874,177.7329
0,277,563.6581,177.69832
0,278,562.9275,176.83904
0,279,562.96796,176.78094
0,280,562.8904,176.5507
0,281,562.68756,176.65047
0,282,562.60394,176.6298
0,283,562.64594,176.57887
0,284,563.9424,176.55055
0,285,563.8214,176.35233
0,286,560.9968,176.06508
0,287,560.87787,175.9254
0,288,560.89307,175.86098
0,289,560.8057,175.80927
0,290,560.5286,174.3764
0,291,560.4423,174.53746
0,292,560.14246,174.29099
0,293,560.0985,174.919
0,294,560.1079,174.90875
0,295,564.21326,171.9904
0,296,563.97455,172.15692
0,297,563.7334,172.3142
0,298,565.5297,171.32509
0,299,565.20544,171.49406
1,0,433.31747,1122.7368
1,1,430.01865,1123.505
1,2,430.25378,1123.7001
1,3,430.0374,1123.4904
1,4,431.51285,1123.665
1,5,431.9962,1123.5404
1,6,432.02036,1123.4587
1,7,432.00073,1123.411
1,8,428.30835,1123.8427
1,9,428.18555,1123.8148
1,10,428.2124,1123.9432
1,11,424.26172,1118.6256
1,12,424.3251,1118.5933
1,13,426.27542,1122.5864
1,14,426.36276,1122.4753
1,15,426.49136,1122.5366
1,16,429.96237,1120.5035
1,17,430.2713,1120.5758
1,18,430.2406,1120.5925
1,19,434.2678,1119.7612
1,20,434.19348,1119.5392
1,21,434.0148,1119.5382
1,22,434.86636,1116.9727
1,23,434.87897,1116.934
1,24,434.9729,1117.057
1,25,435.7365,1113.7417
1,26,435.66275,1113.3992
1,27,436.64618,1112.1084
1,28,436.52496,1112.1377
1,29,436.4856,1112.1204
1,30,435.75967,1111.3806
1,31,435.74445,1111.2465
1,32,435.91443,1111.1693
1,33,433.61026,1113.2527
1,34,433.6832,1113.4283
1,35,433.7344,1113.5696
1,36,436.47208,1116.0936
1,37,436.42612,1116.1373
1,38,436.4094,1116.1251
1,39,436.5312,1116.3352
1,40,437.78006,1114.904
1,41,439.8949,1108.5132
1,42,439.5099,1108.2048
1,43,439.79028,1108.146
1,44,437.51193,1107.9458
1,45,437.38962,1107.8662
1,46,437.51132,1107.8918
1,47,436.56525,1105.7106
1,48,436.55966,1105.8723
1,49,436.54794,1105.7891
1,50,435.913,1103.671
1,51,435.86548,1103.5323
1,52,435.86548,1103.5323
1,53,434.8669,1100.9899
1,54,434.8944,1101.0997
1,55,434.9217,1101.1545
1,56,434.9882,1101.124
1,57,429.03827,1101.1693
1,58,429.31088,1100.0093
1,59,429.32904,1100.0276
1,60,429.41568,1100.1471
1,61,429.3884,1100.1644
1,62,429.8891,1102.2628
1,63,429.86612,1102.338
1,64,431.62247,1102.1638
1,65,431.57996,1102.2136
1,66,431.54208,1102.3308
1,67,431.53354,1102.3306
1,68,430.54214,1102.1919
1,69,430.5726,1102.1042
1,70,433.89813,1102.9213
1,71,433.92462,1102.7896
1,72,433.95853,1102.8667
1,73,434.97058,1105.1501
1,74,434.9754,1105.1124
1,75,434.9409,1105.1062
1,76,431.37906,1104.0364
1,77,431.41266,1104.1077
1,78,431.3951,1104.125
1,79,430.86572,1103.4749
1,80,430.83853,1103.462
1,81,431.3117,1103.6777
1,82,431.24545,1103.4766
1,83,431.26624,1103.5073
1,84,434.51086,1107.1284
1,85,434.5834,1107.0112
1,86,434.35675,1107.0083
1,87,434.6795,1108.3513
1,88,434.66977,1108.3254
1,89,434.6349,1108.3528
1,90,434.6676,1108.3657
1,91,434.55112,1107.2639
1,92,434.40314,1107.0726
1,93,433.71994,1113.0146
1,94,433.75763,1112.9689
1,95,433.66394,1112.8755
1,96,434.8539,1117.2997
1,97,434.97174,1117.708
1,98,433.56705,1122.0056
1,99,433.58847,1122.3486
1,100,433.57663,1122.2969
1,101,429.93387,1122.9459
1,102,429.9994,1123.0929
1,103,429.79453,1123.1201
1,104,431.1313,1128.344
1,105,431.08264,1128.4448
1,106,431.17496,1128.4618
1,107,430.95602,1131.7736
1,108,430.93762,1131.7634
1,109,430.87784,1131.836
1,110,434.22293,1130.693
1,111,434.40387,1130.6367
1,112,434.3232,1130.6777
1,113,433.00305,1129.7252
1,114,432.92175,1129.9457
1,115,436.23813,1132.7501
1,116,436.24954,1132.665
1,117,436.3195,1132.6385
1,118,436.34998,1132.7233
1,119,433.99692,1134.6323
1,120,433.86978,1134.5944
1,121,433.82327,1134.598
1,122,434.21362,1134.3425
1,123,434.33005,1134.3372
1,124,434.42682,1134.3499
1,125,434.89722,1135.6466
1,126,434.98322,1135.8877
1,127,438.8795,1132.4235
1,128,438.9322,1132.5424
1,129,438.94522,1132.5239
1,130,437.0432,1131.5599
1,131,437.06268,1131.5701
1,132,439.0589,1134.6163
1,133,439.2197,1134.4268
1,134,439.2183,1134.5273
1,135,438.47296,1134.8755
1,136,438.58725,1134.8477
1,137,438.58856,1134.862
1,138,438.65094,1134.8674
1,139,438.99805,1134.089
1,140,438.97052,1134.2136
1,141,437.04056,1131.5603
1,142,436.8287,1131.407
1,143,436.792,1131.4446
1,144,437.507,1133.3671
1,145,437.75836,1133.3495
1,146,437.54813,1133.3171
1,147,438.85162,1137.3834
1,148,438.9938,1137.5385
1,149,438.94122,1137.4789
1,150,442.06186,1134.5481
1,151,441.8549,1134.5051
1,152,441.8549,1134.5051
1,153,440.77545,1134.8759
1,154,440.8294,1134.5917
1,155,441.9332,1133.6361
1,156,441.91113,1133.7899
1,157,442.0347,1133.8746
1,158,444.81876,1132.5558
1,159,444.7124,1132.4149
1,160,444.80734,1132.3296
1,161,444.26144,1134.6637
1,162,444.30627,1134.6025
1,163,444.24976,1134.7463
1,164,445.98975,1135.2069
1,165,445.90567,1135.2197
1,166,445.93378,1135.2878
1,167,448.0039,1134.0314
1,168,447.8811,1134.1084
1,169,447.59802,1134.1377
1,170,449.26437,1130.9426
1,171,449.24817,1131.0083
1,172,449.2091,1131.025
1,173,447.68204,1131.1438
1,174,447.82397,1131.1163
1,175,447.8048,1130.9017
1,176,447.72076,1133.239
1,177,447.6153,1133.4512
1,178,450.735,1130.0759
1,179,450.7195,1129.92
1,180,450.74805,1129.9147
1,181,450.7461,1129.799
1,182,450.7145,1126.887
1,183,450.7614,1126.7798
1,184,451.21158,1129.402
1,185,451.07693,1129.3055
1,186,451.10556,1129.3507
1,187,449.23782,1129.8563
1,188,449.3152,1129.8478
1,189,449.3043,1129.9247
1,190,448.6131,1131.267
1,191,448.67123,1131.2299
1,192,448.60574,1131.2234
1,193,445.71103,1130.938
1,194,445.55524,1130.9448
1,195,441.10886,1133.7205
1,196,441.14178,1133.575
1,197,441.17264,1133.5613
1,198,441.24335,1133.297
1,199,441.6408,1134.063
1,200,441.61874,1134.1417
1,201,441.99658,1133.0692
1,202,441.98593,1133.1237
1,203,442.06693,1133.0908
1,204,443.98557,1132.6262
1,205,443.94415,1132.4894
1,206,443.95627,1132.577
1,207,440.56442,1134.7042
1,208,440.57733,1134.6947
1,209,439.0113,1137.9503
1,210,439.18173,1137.6475
1,211,439.14047,1137.6514
1,212,442.43973,1140.2489
1,213,442.32672,1140.0364
1,214,442.2571,1139.8574
1,215,444.40775,1141.3237
1,216,444.56003,1141.3047
1,217,444.52887,1141.4498
1,218,443.58228,1146.6421
1,219,443.46292,1146.5201
1,220,443.50375,1146.4603
1,221,444.86563,1147.3856
1,222,445.05435,1147.8269
1,223,444.93253,1147.6461
1,224,444.94824,1147.6406
1,225,443.64478,1148.1566
1,226,443.64304,1148.1682
1,227,445.29495,1146.5042
1,228,445.14355,1146.4916
1,229,445.16916,1146.4767
1,230,446.5216,1147.522
1,231,446.5021,1147.9366
1,232,446.40005,1147.9598
1,233,448.83835,1147.3451
1,234,448.78326,1147.401
1,235,449.7935,1150.3925
1,236,449.84732,1150.3519
1,237,449.78256,1150.3634
1,238,452.83206,1152.2603
1,239,452.8533,1152.191
1,240,452.94177,1152.2966
1,241,450.61276,1146.5071
1,242,450.5213,1146.4181
1,243,450.52563,1146.3619
1,244,451.4007,1146.9375
1,245,451.6926,1147.3087
1,246,451.6048,1147.2825
1,247,451.03564,1147.4854
1,248,451.1345,1147.6735
1,249,453.2503,1147.1815
1,250,453.18753,1146.9591
1,251,453.0159,1147.006
1,252,453.0159,1147.006
1,253,448.27194,1148.7269
1,254,448.4582,1148.7761
1,255,446.5999,1148.6293
1,256,447.01266,1148.8999
1,257,446.62628,1148.503
1,258,446.86627,1148.4579
1,259,446.77744,1148.5193
1,260,446.82294,1148.4591
1,261,447.5878,1145.4463
1,262,447.68173,1145.3234
1,263,447.62418,1145.324
1,264,446.7282,1143.0922
1,265,446.64066,1142.9072
1,266,450.71478,1143.0404
1,267,450.8004,1143.2238
1,268,450.91116,1143.5525
1,269,453.7781,1143.1427
1,270,454.09467,1142.9972
1,271,454.12344,1142.7739
1,272,454.08865,1142.7076
1,273,446.22336,1156.9994
1,274,446.4213,1156.9597
1,275,446.40637,1156.8798
1,276,448.79193,1148.9299
1,277,448.9184,1148.8108
1,278,449.9323,1149.8381
1,279,449.66632,1150.0343
1,280,449.77185,1150.1222
1,281,446.66132,1155.1956
1,282,446.95667,1155.1598
1,283,446.89423,1155.2076
1,284,448.6374,1154.1602
1,285,448.42484,1154.1035
1,286,448.5556,1154.676
1,287,448.5477,1154.6163
1,288,448.5584,1154.5864
1,289,448.4464,1154.5792
1,290,447.15616,1153.9674
1,291,447.20636,1154.0254
1,292,447.09418,1154.2793
1,293,442.97345,1151.2329
1,294,442.26288,1149.9666
1,295,441.2898,1143.8425
1,296,441.30624,1143.9755
1,297,441.2686,1143.9486
1,298,439.39697,1139.9199
1,299,439.49576,1139.6936
2,0,508.68082,625.40295
2,1,509.28244,623.0589
2,2,509.33627,623.05994
2,3,509.30286,623.0934
2,4,508.51263,625.0763
2,5,508.59195,625.0898
2,6,508.4608,625.00806
2,7,508.54272,625.08484
2,8,508.83975,624.4106
2,9,508.82147,624.4477
2,10,508.779,624.39014
2,11,510.54324,621.80237
2,12,510.65555,621.7197
2,13,510.93466,621.5666
2,14,511.07275,621.41473
2,15,511.0841,621.42444
2,16,509.89655,619.9695
2,17,509.78735,619.74066
2,18,509.7893,619.7483
2,19,514.71716,615.54596
2,20,514.6935,615.5034
2,21,514.71826,615.5122
2,22,516.4096,615.0566
2,23,516.4653,614.98596
2,24,516.4495,614.98004
2,25,517.9878,613.9708
2,26,517.9702,614.095
2,27,518.74506,617.22424
2,28,518.68134,617.3799
2,29,518.81104,617.3538
2,30,519.8343,616.79846
2,31,519.87854,616.71497
2,32,519.8569,616.75305
2,33,518.14105,616.55066
2,34,518.29913,616.4544
2,35,518.3582,616.4765
2,36,518.84644,616.4247
2,37,518.7722,616.4345
2,38,518.72723,616.43756
2,39,518.7456,616.4413
2,40,520.9648,616.60486
2,41,522.67145,616.78766
2,42,522.6738,616.8153
2,43,522.665,616.89166
2,44,523.01385,617.1762
2,45,523.2425,617.22864
2,46,523.3539,617.2283
2,47,520.8171,618.41327
2,48,520.8425,618.39813
2,49,520.8188,618.35767
2,50,524.6805,618.63574
2,51,524.56915,618.8486
2,52,524.56915,618.8486
2,53,524.4853,618.1666
2,54,524.4693,618.1771
2,55,524.41205,618.13794
2,56,524.3745,618.134
2,57,524.05896,618.77344
2,58,523.9991,619.1354
2,59,523.92755,619.2609
2,60,523.97125,619.22943
2,61,523.9834,619.26733
2,62,523.2229,616.45935
2,63,523.17303,616.29675
2,64,521.9701,616.57275
2,65,522.03986,616.64545
2,66,522.2189,616.5931
2,67,522.22644,616.58105
2,68,518.3114,615.09314
2,69,518.3686,615.1102
2,70,518.9094,614.89905
2,71,518.91345,614.837
2,72,518.89197,614.81805
2,73,519.6736,614.61896
2,74,519.6657,614.6212
2,75,519.64417,614.631
2,76,519.2514,611.0755
2,77,519.2121,611.06287
2,78,519.20856,611.01624
2,79,520.96893,612.15186
2,80,521.0534,612.2677
2,81,523.4306,610.6192
2,82,523.3964,610.6774
2,83,523.4277,610.6942
2,84,522.34106,609.7037
2,85,522.2454,609.73175
2,86,522.26794,609.8036
2,87,522.9566,607.83777
2,88,522.97656,607.8944
2,89,523.0254,607.9053
2,90,523.0278,607.9386
2,91,523.2219,607.41754
2,92,523.2392,607.49207
2,93,521.92584,606.7002
2,94,521.9794,606.74713
2,95,521.87695,606.79297
2,96,521.0408,608.192
2,97,521.029,608.24976
2,98,520.84296,608.5603
2,99,520.7901,608.6279
2,100,520.8345,608.6154
2,101,519.68774,609.7554
2,102,519.5156,609.7001
2,103,519.5913,609.7349
2,104,521.4651,609.54846
2,105,521.26544,609.79895
2,106,521.31506,609.81433
2,107,522.37177,606.27106
2,108,522.231,606.35266
2,109,522.3016,606.4162
2,110,523.3838,605.9735
2,111,523.32416,606.0111
2,112,523.327,606.0744
2,113,525.4476,604.3319
2,114,525.5681,604.41174
2,115,529.15045,606.45074
2,116,529.107,606.4515
2,117,529.08826,606.39594
2,118,529.0868,606.39734
2,119,529.73315,605.3069
2,120,529.7222,605.2917
2,121,529.81854,605.30084
2,122,528.4492,603.6139
2,123,528.49567,603.7066
2,124,528.5413,603.59985
2,125,528.51587,601.7851
2,126,528.5406,601.81396
2,127,526.4712,604.8169
2,128,526.41376,604.8138
2,129,526.3982,604.8657
2,130,524.36383,606.6788
2,131,524.24677,606.61194
2,132,526.2331,607.62805
2,133,526.2571,607.5711
2,134,526.1192,607.5828
2,135,524.55414,608.8015
2,136,524.3353,608.7134
2,137,524.4717,608.6053
2,138,524.5026,608.67725
2,139,520.7008,608.98773
2,140,520.66156,608.9809
2,141,521.1265,607.2595
2,142,521.2327,607.53644
2,143,521.18274,607.45746
2,144,519.8478,607.08453
2,145,519.6275,607.0502
2,146,519.6243,607.0621
2,147,519.69586,609.2874
2,148,519.7345,609.2169
2,149,519.62213,609.2223
2,150,520.9944,608.3011
2,151,521.17126,608.2943
2,152,521.17126,608.2943
2,153,522.27673,609.1039
2,154,522.17426,609.1128
2,155,519.3884,609.3953
2,156,519.5162,609.5678
2,157,519.4958,609.5985
2,158,518.594,607.73236
2,159,518.39746,607.5578
2,160,518.4146,607.5669
2,161,519.9519,606.96045
2,162,519.9162,606.94226
2,163,519.9161,606.9256
2,164,515.22705,607.31793
2,165,515.2382,607.4114
2,166,515.2125,607.3989
2,167,516.43536,606.281
2,168,516.4226,606.34454
2,169,516.58234,606.38855
2,170,518.04956,607.57227
2,171,518.0747,607.5488
2,172,518.21265,607.53064
2,173,521.2695,607.8245
2,174,521.2464,607.8446
2,175,521.3094,607.8339
2,176,521.12866,605.9372
2,177,521.09265,605.92053
2,178,522.4465,599.2574
2,179,522.47595,599.33685
2,180,522.42975,599.0981
2,181,522.4454,598.98737
2,182,522.5502,599.44995
2,183,522.5759,599.4938
2,184,521.2584,596.3827
2,185,521.1986,596.4358
2,186,521.1426,596.36444
2,187,521.7051,593.9071
2,188,521.6425,593.90717
2,189,521.55664,593.86475
2,190,523.3967,593.69336
2,191,523.5027,593.6953
2,192,523.43726,593.71893
2,193,526.0378,593.4462
2,194,526.1255,593.40106
2,195,523.8734,593.9896
2,196,523.8291,594.0311
2,197,523.8692,594.0065
2,198,523.9137,594.01917
2,199,525.25684,595.18195
2,200,525.2796,595.1133
2,201,527.28394,594.98047
2,202,527.21686,595.0117
2,203,527.20935,594.9746
2,204,528.25604,591.3765
2,205,528.25574,591.3436
2,206,528.20526,591.34625
2,207,528.3652,585.81934
2,208,528.3617,585.76373
2,209,527.54614,585.7332
2,210,527.446,585.8262
2,211,527.4975,585.7673
2,212,528.0431,584.0407
2,213,528.0845,584.0574
2,214,528.1936,584.01306
2,215,526.49786,586.3065
2,216,526.55994,586.3243
2,217,526.5413,586.37354
2,218,525.18585,588.0714
2,219,525.195,588.0619
2,220,525.1873,588.1273
2,221,523.4454,592.3984
2,222,523.44775,592.4143
2,223,523.3937,592.45905
2,224,523.4251,592.45404
2,225,523.49316,591.2208
2,226,523.4134,591.2714
2,227,521.58044,591.8446
2,228,521.59924,591.89185
2,229,521.45447,591.9249
2,230,525.1801,592.17206
2,231,525.1521,592.1376
2,232,525.1601,592.1416
2,233,526.95776,590.3442
2,234,527.00903,590.39923
2,235,528.4558,588.932
2,236,528.42993,588.9381
2,237,528.39624,588.91376
2,238,531.01483,586.2339
2,239,530.94476,586.30206
2,240,530.92365,586.1725
2,241,532.42487,585.9526
2,242,532.34686,585.9859
2,243,532.35864,585.9427
2,244,528.26465,586.79254
2,245,528.31915,586.8004
2,246,528.2708,586.81995
2,247,526.63,588.397
2,248,526.50995,588.4296
2,249,529.4083,586.26495
2,250,529.36084,586.1604
2,251,529.35266,586.09607
2,252,529.35266,586.09607
2,253,529.5436,585.7695
2,254,529.62177,585.7328
2,255,529.60345,583.62744
2,256,529.5212,583.7888
2,257,529.44226,583.8466
2,258,530.0659,583.5207
2,259,530.08563,583.5382
2,260,530.0998,583.496
2,261,529.3036,582.3611
2,262,529.3913,582.3803
2,263,529.33624,582.36304
2,264,529.5289,582.37305
2,265,529.5539,582.32324
2,266,531.6663,583.1636
2,267,531.6195,583.1863
2,268,531.7134,583.1578
2,269,532.2515,585.2423
2,270,532.24335,585.2117
2,271,532.1962,585.1894
2,272,532.21063,585.1965
2,273,533.89325,583.0228
2,274,533.91516,582.9682
2,275,534.0199,582.9969
2,276,535.1951,580.29755
2,277,535.2043,580.2724
2,278,536.42896,580.4836
2,279,536.4828,580.54205
2,280,536.4595,580.5474
2,281,534.953,580.8225
2,282,534.9507,580.8291
2,283,534.88696,580.82556
2,284,532.0143,580.3583
2,285,532.00323,580.3904
2,286,531.1762,580.3158
2,287,531.09906,580.2146
2,288,531.1381,580.18585
2,289,531.1518,580.18365
2,290,531.41046,578.69147
2,291,531.39746,578.6632
2,292,531.42596,578.60785
2,293,533.06903,576.3192
2,294,533.13385,576.3051
2,295,533.577,573.4254
2,296,533.61163,573.5167
2,297,533.60986,573.33093
2,298,535.65717,574.5177
2,299,535.7984,574.53
3,0,849.4781,1355.4294
3,1,850.5495,1353.1954
3,2,850.52435,1353.5273
3,3,850.47784,1353.3878
3,4,848.52277,1355.7317
3,5,847.9729,1355.4851
3,6,848.17395,1355.5427
3,7,848.0119,1355.5316
3,8,848.9376,1354.6526
3,9,848.94415,1354.2542
3,10,848.78595,1354.8474
3,11,847.68604,1352.177
3,12,847.5798,1352.0087
3,13,848.0607,1350.6357
3,14,848.1192,1350.9373
3,15,848.33374,1351.0087
3,16,850.45844,1348.453
3,17,850.5383,1348.3867
3,18,850.5595,1348.3999
3,19,847.5703,1351.0387
3,20,847.608,1351.1244
3,21,847.6128,1351.1118
3,22,849.0185,1351.2661
3,23,849.00165,1351.2949
3,24,849.0879,1351.2976
3,25,851.3555,1350.8416
3,26,851.3477,1350.8617
3,27,850.93506,1346.1747
3,28,851.03455,1346.1881
3,29,851.025,1346.4337
3,30,844.8153,1347.5044
3,31,844.75287,1347.5704
3,32,844.8015,1347.6765
3,33,843.66425,1347.6254
3,34,843.58923,1347.7506
3,35,843.5805,1347.735
3,36,846.9133,1345.5187
3,37,846.9345,1345.435
3,38,846.82043,1345.4166
3,39,846.88794,1345.426
3,40,846.7759,1343.6726
3,41,848.20636,1342.221
3,42,848.07983,1342.1777
3,43,848.0966,1342.1538
3,44,848.4735,1337.3506
3,45,848.49036,1337.3207
3,46,848.4987,1337.3232
3,47,847.28564,1335.1735
3,48,847.27924,1335.0942
3,49,847.29456,1335.1293
3,50,842.65045,1337.2717
3,51,842.7144,1337.3364
3,52,842.7144,1337.3364
3,53,842.85474,1338.6547
3,54,842.9545,1338.7218
3,55,842.94275,1338.7274
3,56,842.99286,1338.6821
3,57,843.7726,1338.3761
3,58,841.3727,1336.2286
3,59,841.34314,1336.2601
3,60,841.3568,1336.1608
3,61,841.29865,1336.1776
3,62,841.2385,1338.4685
3,63,841.2151,1338.4766
3,64,844.0834,1341.3285
3,65,844.1,1341.2529
3,66,844.0638,1341.3491
3,67,844.0587,1341.3634
3,68,842.92456,1341.9622
3,69,842.9007,1341.9653
3,70,842.5778,1341.865
3,71,842.2114,1341.8737
3,72,842.1875,1341.9417
3,73,843.56305,1339.712
3,74,843.4999,1339.526
3,75,843.4944,1339.5868
3,76,845.7339,1338.3494
3,77,845.7893,1338.3335
3,78,845.69507,1338.3116
3,79,846.3636,1341.1049
3,80,846.708,1341.0505
3,81,850.94135,1343.0782
3,82,850.92944,1343.0594
3,83,850.94214,1343.0404
3,84,850.38165,1341.9337
3,85,850.0528,1341.9458
3,86,850.0074,1341.9707
3,87,848.47675,1339.306
3,88,848.49774,1339.3328
3,89,848.4698,1339.3062
3,90,848.48145,1339.2922
3,91,849.1623,1338.559
3,92,849.15186,1338.6316
3,93,847.07477,1335.3694
3,94,847.08026,1335.2812
3,95,847.1806,1335.3257
3,96,846.8506,1332.617
3,97,846.69904,1332.6476
3,98,847.10736,1332.2119
3,99,847.08453,1332.3066
3,100,847.131,1332.3435
3,101,847.7638,1332.7512
3,102,847.7811,1332.6652
3,103,847.7977,1332.5652
3,104,851.1831,1329.9866
3,105,851.18884,1330.1381
3,106,851.0708,1330.1748
3,107,851.71497,1330.3242
3,108,851.72455,1330.3652
3,109,851.72064,1330.3513
3,110,849.89905,1329.7025
3,111,849.8824,1329.5741
3,112,849.9044,1329.5326
3,113,849.3524,1328.2487
3,114,849.36365,1328.1359
3,115,849.08777,1330.2805
3,116,849.0605,1330.3127
3,117,849.0282,1330.2917
3,118,849.0332,1330.3583
3,119,848.95764,1329.4835
3,120,849.01666,1329.7207
3,121,849.0375,1329.6976
3,122,849.6322,1330.5599
3,123,849.65295,1330.456
3,124,849.6736,1330.6041
3,125,846.42,1330.0088
3,126,846.0637,1329.9841
3,127,841.50085,1329.8798
3,128,841.5167,1329.8015
3,129,841.58813,1329.7682
3,130,842.7708,1329.0713
3,131,842.60956,1328.9999
3,132,839.67737,1328.6024
3,133,839.7891,1328.5262
3,134,839.8088,1328.4265
3,135,840.1701,1325.4347
3,136,840.0858,1325.4584
3,137,840.11835,1325.4457
3,138,840.11,1325.4545
3,139,840.24084,1324.4235
3,140,840.27783,1324.4236
3,141,841.15784,1323.019
3,142,841.15967,1322.9761
3,143,841.13556,1323.0626
3,144,840.89716,1321.4196
3,145,840.8573,1321.3861
3,146,840.9106,1321.3234
3,147,842.45886,1321.1536
3,148,842.3512,1321.0818
3,149,842.3596,1321.1166
3,150,839.39264,1320.0305
3,151,839.3743,1319.9736
3,152,839.3743,1319.9736
3,153,838.6834,1319.8524
3,154,838.64514,1319.656
3,155,837.7914,1316.4404
3,156,838.00836,1316.5065
3,157,838.03357,1316.5046
3,158,836.60156,1315.8654
3,159,836.5545,1315.9281
3,160,836.58777,1315.9601
3,161,837.4738,1315.6593
3,162,837.49005,1315.5889
3,163,837.4177,1315.734
3,164,836.0998,1316.6903
3,165,835.97107,1316.7413
3,166,836.00806,1316.7086
3,167,836.01935,1318.4481
3,168,836.07935,1318.4039
3,169,836.03723,1318.2333
3,170,841.0116,1315.0643
3,171,841.0449,1315.0605
3,172,841.0091,1315.0717
3,173,841.6706,1315.2734
3,174,841.7201,1315.3035
3,175,841.7656,1315.2795
3,176,841.79645,1315.6237
3,177,841.8444,1315.6542
3,178,841.0122,1317.9442
3,179,841.04156,1318.0145
3,180,841.02295,1318.0337
3,181,841.09436,1318.1674
3,182,841.04706,1319.0692
3,183,841.1757,1319.0995
3,184,839.1211,1316.828
3,185,839.19556,1316.7345
3,186,839.11523,1316.7391
3,187,836.91376,1316.488
3,188,836.8568,1316.4674
3,189,836.9058,1316.5001
3,190,839.8149,1315.4648
3,191,839.6941,1315.4076
3,192,839.6967,1315.4409
3,193,841.10895,1314.7402
3,194,841.0505,1314.7776
3,195,841.2776,1314.3453
3,196,841.2663,1314.2572
3,197,841.33136,1314.2225
3,198,841.3754,1314.2534
3,199,838.29065,1315.8721
3,200,838.18695,1315.9302
3,201,838.9556,1315.1436
3,202,838.95435,1315.1794
3,203,838.91254,1315.1392
3,204,837.7608,1316.062
3,205,837.7295,1316.1124
3,206,837.72205,1316.1064
3,207,839.37866,1315.7819
3,208,839.4197,1315.6974
3,209,840.1436,1316.0942
3,210,840.1293,1316.056
3,211,840.0526,1316.1079
3,212,839.51355,1319.0718
3,213,839.45026,1318.9636
3,214,839.41187,1318.9187
3,215,843.1111,1318.8541
3,216,843.054,1318.8193
3,217,843.1255,1318.8369
3,218,841.6987,1321.7023
3,219,841.8653,1321.7496
3,220,841.6465,1321.7571
3,221,841.2802,1323.2043
3,222,841.45636,1323.1364
3,223,841.34033,1323.1385
3,224,841.2849,1323.2216
3,225,841.912,1321.2494
3,226,841.9021,1321.2229
3,227,839.9053,1319.4596
3,228,839.72076,1319.5457
3,229,839.7526,1319.6775
3,230,835.13135,1318.8114
3,231,835.27924,1318.9056
3,232,835.24866,1318.8396
3,233,833.8332,1318.123
3,234,833.8661,1318.1613
3,235,831.4881,1318.269
3,236,831.47284,1318.268
3,237,831.4839,1318.3136
3,238,828.4999,1316.719
3,239,828.57104,1316.7286
3,240,828.709,1316.579
3,241,828.6038,1316.0884
3,242,828.5039,1316.1243
3,243,828.5543,1316.1797
3,244,827.232,1315.6006
3,245,827.3007,1315.7034
3,246,827.36017,1315.642
3,247,827.69995,1314.3707
3,248,827.7513,1314.1755
3,249,827.16364,1314.599
3,250,827.0488,1314.7201
3,251,826.9887,1314.8843
3,252,826.9887,1314.8843
3,253,829.0709,1311.1234
3,254,829.129,1311.1251
3,255,830.08575,1313.1102
3,256,829.95526,1313.227
3,257,829.85187,1313.1785
3,258,829.49084,1313.9125
3,259,829.5101,1313.9583
3,260,829.5107,1313.9286
3,261,830.67615,1312.8749
3,262,830.8213,1313.1224
3,263,830.7771,1313.1758
3,264,833.9727,1314.3566
3,265,833.9876,1314.3982
3,266,835.49493,1315.117
3,267,835.4092,1315.1146
3,268,835.805,1315.1903
3,269,835.13666,1314.1833
3,270,835.39197,1314.0599
3,271,835.2075,1313.684
3,272,835.2046,1313.7346
3,273,833.0663,1314.8345
3,274,833.10065,1314.8517
3,275,833.05365,1314.9822
3,276,832.7044,1316.0908
3,277,832.64453,1316.2012
3,278,832.612,1316.4923
3,279,832.586,1316.5552
3,280,832.6376,1316.589
3,281,830.1536,1316.9884
3,282,830.2116,1317.0354
3,283,830.11554,1316.96
3,284,833.84436,1315.8441
3,285,833.8562,1315.9231
3,286,836.23944,1315.9292
3,287,836.1954,1315.9644
3,288,836.1724,1316.0398
3,289,836.19836,1315.9614
3,290,835.26965,1314.8561
3,291,835.2786,1314.443
3,292,835.2264,1314.3866
3,293,836.318,1314.3317
3,294,836.3141,1314.4144
3,295,835.53436,1313.1536
3,296,835.59467,1313.1534
3,297,835.59875,1313.2723
3,298,835.2857,1312.0339
3,299,835.28564,1312.0205
4,0,865.78186,1388.1792
4,1,870.4752,1387.9773
4,2,870.5386,1387.9684
4,3,870.6452,1387.7527
4,4,869.56586,1387.9462
4,5,869.72424,1388.1359
4,6,869.7611,1388.1614
4,7,869.6315,1388.1165
4,8,868.366,1389.2954
4,9,868.437,1389.3281
4,10,868.37225,1389.4618
4,11,867.42,1388.2789
4,12,867.7394,1388.2645
4,13,869.9243,1388.277
4,14,869.95135,1388.2291
4,15,869.8919,1387.8574
4,16,869.8448,1391.0209
4,17,869.954,1391.2375
4,18,869.9829,1391.2032
4,19,869.1421,1390.2017
4,20,869.08655,1389.9717
4,21,869.14453,1390.2578
4,22,870.71893,1388.5438
4,23,870.66583,1388.4653
4,24,870.67615,1388.4878
4,25,872.2652,1386.3235
4,26,872.09985,1386.2437
4,27,873.72833,1384.8582
4,28,873.7348,1384.9175
4,29,873.72595,1384.9967
4,30,873.7024,1385.3292
4,31,873.65924,1385.329
4,32,873.6356,1385.3312
4,33,873.23334,1387.2052
4,34,873.6199,1386.3506
4,36,869.43787,1388.3632
4,37,869.4435,1388.3507
4,38,869.3632,1388.4207
4,39,869.3554,1388.4047
4,40,869.063,1387.7877
4,41,871.23956,1391.0815
4,42,871.3881,1390.9813
4,43,871.4029,1391.0446
4,44,872.39233,1392.7838
4,45,872.29736,1392.8969
4,46,872.3543,1392.5314
4,47,869.9025,1392.973
4,48,869.8684,1392.8689
4,49,869.87396,1392.8507
4,50,871.20526,1392.5906
4,51,871.4584,1392.4241
4,52,871.4584,1392.4241
4,53,873.52295,1392.3693
4,54,873.59174,1392.366
4,55,873.71564,1392.3544
4,56,873.75055,1392.2661
4,57,875.6237,1391.6107
4,58,879.168,1390.372
4,59,879.322,1390.5278
4,60,879.3424,1390.568
4,61,879.3993,1390.6003
4,62,881.8939,1391.6079
4,63,881.9353,1391.6482
4,64,884.16003,1391.7131
4,65,884.1388,1391.6816
4,66,884.09106,1391.7377
4,67,884.09515,1391.8247
4,68,886.0825,1389.2349
4,69,886.0764,1389.2352
4,70,887.45197,1389.0127
4,71,887.302,1389.0482
4,72,887.28265,1388.9342
4,73,888.06744,1388.8406
4,74,888.1332,1388.7241
4,75,888.137,1388.8474
4,76,887.6805,1388.2614
4,77,887.7503,1388.3994
4,78,887.7191,1388.3401
4,79,887.37976,1388.4122
4,80,887.3237,1388.1035
4,81,886.875,1389.4984
4,82,887.19385,1389.1134
4,83,887.07574,1388.9146
4,84,889.43805,1385.2145
4,85,889.4004,1385.2417
4,86,889.4316,1385.1917
4,87,889.9403,1384.1415
4,88,890.01624,1384.2197
4,89,890.0674,1384.2172
4,90,890.06647,1384.1368
4,91,890.9701,1381.2585
4,92,891.0698,1381.2819
4,93,893.12476,1380.6647
4,94,893.15393,1380.5667
4,95,893.12195,1380.5408
4,96,894.55963,1380.9902
4,97,894.6435,1380.8927
4,98,892.40906,1378.848
4,99,892.29724,1379.0747
4,100,892.392,1379.2056
4,101,893.0446,1378.8367
4,102,893.1038,1378.8228
4,103,893.1747,1378.8182
4,104,892.5545,1378.5332
4,105,892.6112,1378.7039
4,106,892.50555,1378.5471
4,107,892.6398,1378.0431
4,108,892.7865,1378.0432
4,109,892.8265,1378.079
4,110,894.60535,1378.1124
4,111,894.3553,1377.9135
4,112,894.29706,1377.7163
4,113,893.2954,1375.5892
4,114,893.2743,1375.671
4,115,892.6034,1375.3961
4,116,892.76306,1375.3784
4,117,893.0451,1375.5789
4,118,893.11456,1375.6609
4,119,896.20526,1376.0244
4,120,896.0791,1376.0134
4,121,896.05255,1376.0127
4,122,896.85846,1377.569
4,123,896.8498,1377.5376
4,124,896.7912,1377.3511
4,125,896.9974,1378.3942
4,126,896.7878,1378.5044
4,127,899.6674,1378.7288
4,128,899.7158,1378.7523
4,129,899.721,1378.7457
4,130,900.866,1376.4629
4,131,900.9896,1376.819
4,132,897.9849,1376.0312
4,133,898.06146,1376.0171
4,134,897.91516,1375.8158
4,135,897.0094,1376.2892
4,136,897.21533,1375.7949
4,137,897.2419,1375.8438
4,138,897.1534,1375.8308
4,139,896.71594,1376.4865
4,140,896.6734,1376.3302
4,141,899.1802,1377.6237
4,142,899.2174,1377.7909
4,143,899.2539,1377.6631
4,144,897.51,1376.0991
4,145,897.4926,1375.7137
4,146,897.4777,1375.677
4,147,898.5595,1375.845
4,148,898.6332,1375.8777
4,149,898.7238,1375.8191
4,150,898.5677,1378.332
4,151,898.6643,1378.5594
4,152,898.6643,1378.5594
4,153,894.7242,1377.3976
4,154,894.74506,1377.3583
4,155,895.9823,1376.4728
4,156,896.191,1376.4598
4,157,896.09515,1376.2803
4,158,897.0226,1374.5781
4,159,896.95654,1375.0261
4,160,896.9551,1374.9956
4,161,898.3366,1373.0507
4,162,898.5096,1372.9962
4,163,898.51447,1373.0654
4,164,898.5837,1371.1326
4,165,898.5699,1371.112
4,166,898.60205,1371.318
4,167,899.5313,1369.8162
4,168,899.3748,1369.6768
4,169,899.3139,1369.6409
4,170,898.8197,1367.893
4,171,899.01825,1367.8108
4,172,898.88336,1367.744
4,173,896.4775,1368.1399
4,174,896.2915,1368.232
4,175,896.46515,1368.1273
4,176,896.1948,1370.8127
4,177,896.1937,1370.946
4,178,895.16254,1368.9739
4,179,895.1981,1368.8844
4,180,895.20715,1369.0846
4,181,895.25165,1369.1779
4,182,897.5634,1366.6044
4,183,897.70056,1366.7422
4,184,896.83813,1365.8894
4,185,896.85126,1365.8284
4,186,896.865,1365.8854
4,187,896.3418,1364.1672
4,188,896.6226,1363.9347
4,189,896.75287,1363.9271
4,190,898.92377,1365.094
4,191,899.0585,1365.1119
4,192,899.0762,1365.3296
4,193,897.2561,1363.9731
4,194,897.3185,1363.9259
4,195,895.45245,1367.618
4,196,895.2853,1367.9597
4,197,895.44244,1368.2294
4,198,895.34247,1368.0696
4,199,895.3656,1369.4396
4,200,895.08673,1369.4062
4,201,899.2553,1369.1843
4,202,899.4137,1369.1549
4,203,899.367,1369.1024
4,204,898.45447,1368.1581
4,205,897.9228,1368.0242
4,206,897.8603,1367.9745
4,207,897.8591,1366.7141
4,208,897.8447,1366.7811
4,209,897.9411,1367.7529
4,210,897.96155,1367.4075
4,211,897.8946,1367.4164
4,212,897.8633,1367.945
4,213,897.82184,1367.9877
4,214,897.68463,1367.9708
4,215,897.7742,1370.7999
4,216,897.7067,1370.7013
4,217,897.64716,1370.6576
4,218,896.3875,1371.7373
4,219,896.3323,1371.5776
4,220,896.30334,1371.6143
4,221,897.18066,1369.718
4,222,897.09357,1369.5848
4,223,897.1624,1369.4489
4,224,897.2003,1369.5347
4,225,900.5375,1368.1377
4,226,900.59406,1368.0244
4,227,898.939,1365.1952
4,228,899.0535,1365.4235
4,229,899.159,1365.5504
4,230,900.5388,1361.716
4,231,900.34125,1361.7023
4,232,900.3684,1361.5963
4,233,901.92694,1361.2208
4,234,901.9994,1361.249
4,235,902.77826,1359.4135
4,236,902.9484,1358.9042
4,237,902.5013,1359.0522
4,238,903.13934,1359.7297
4,239,903.1563,1359.8981
4,240,903.16364,1359.937
4,241,905.5602,1358.693
4,242,905.618,1358.6998
4,243,905.7386,1358.6489
4,244,903.3562,1355.1149
4,245,903.05536,1355.2628
4,246,902.9249,1355.2349
4,247,902.27167,1351.8761
4,248,902.2423,1351.8325
4,249,901.678,1352.9707
4,250,901.5866,1352.861
4,251,901.62274,1352.8007
4,252,901.62274,1352.8007
4,253,902.9533,1350.7305
4,254,902.88885,1350.8174
4,255,902.89667,1350.8392
4,256,902.86017,1350.5386
4,257,902.759,1350.6392
4,258,901.791,1349.762
4,259,901.91736,1349.7844
4,260,901.8957,1349.7831
4,261,901.8077,1350.948
4,262,901.7539,1350.9039
4,263,901.62787,1350.879
4,264,902.6393,1350.9327
4,265,902.65015,1350.9583
4,266,902.8132,1348.7112
4,267,902.7852,1348.6132
4,268,902.7665,1348.7521
4,269,903.8021,1349.2815
4,270,903.83704,1349.3456
4,271,903.5562,1349.3696
4,272,903.6145,1349.3749
4,273,902.287,1347.4287
4,274,902.7011,1347.3553
4,275,902.81757,1347.6631
4,276,903.70386,1347.5784
4,277,903.97015,1347.5123
4,278,902.9125,1351.2548
4,279,902.63086,1350.9165
4,280,902.7245,1351.1715
4,281,900.6515,1351.1542
4,282,900.5577,1350.7294
4,283,900.5651,1350.8099
4,284,897.8099,1350.8721
4,285,897.887,1351.1118
4,286,897.4388,1351.0957
4,287,897.13336,1351.158
4,288,897.39026,1351.1814
4,289,897.5962,1351.2535
4,290,895.9613,1352.6393
4,291,896.0533,1352.6375
4,292,896.1036,1352.4644
4,293,896.0513,1352.0713
4,294,895.9256,1352.0903
4,295,894.31793,1351.4712
4,296,894.50616,1351.5543
4,297,894.9548,1351.4187
4,298,897.2222,1351.6359
4,299,897.3202,1351.6079
5,0,480.29153,1190.3933
5,1,481.36966,1190.4908
5,2,481.71906,1190.3551
5,3,481.70773,1190.4515
5,4,482.7595,1189.3512
5,5,482.76514,1189.3615
5,6,482.67792,1189.2728
5,7,482.67606,1189.2504
5,8,482.6676,1189.4105
5,9,482.61877,1189.4304
5,10,482.60306,1189.451
5,11,481.77164,1189.2766
5,12,481.81424,1189.2966
5,13,483.262,1188.6616
5,14,483.47046,1188.6239
5,15,483.23605,1188.5358
5,16,485.17722,1187.7004
5,17,484.5736,1187.6649
5,18,484.7378,1187.6135
5,19,486.24118,1189.1687
5,20,486.15912,1189.0508
5,21,486.05347,1188.9541
5,22,485.74274,1190.677
5,23,485.89624,1190.7751
5,24,485.86563,1190.6664
5,25,485.8682,1189.5991
5,26,485.83588,1189.5299
5,27,484.9907,1188.7384
5,28,485.23657,1188.5413
5,29,485.2431,1188.5189
5,30,484.26065,1191.9067
5,31,484.25598,1192.1211
5,32,484.06927,1191.8577
5,33,486.0785,1191.9525
5,34,486.1152,1192.3043
5,35,485.8632,1192.1649
5,36,485.80902,1191.6897
5,37,485.91534,1191.8479
5,38,485.97357,1191.9009
5,39,485.99734,1191.9435
5,40,485.99753,1193.4492
5,41,482.243,1193.1666
5,42,482.3124,1192.9689
5,43,482.27673,1192.9437
5,44,483.18124,1191.3978
5,45,483.09912,1191.5172
5,46,483.12158,1191.4917
5,47,484.33572,1194.6097
5,48,484.2823,1194.5912
5,49,484.2395,1194.6132
5,50,487.9953,1194.6509
5,51,488.0002,1194.6246
5,52,488.0002,1194.6246
5,53,488.47137,1195.218
5,54,488.53372,1195.3761
5,55,488.53137,1195.376
5,56,488.5142,1195.2506
5,57,490.29465,1194.0315
5,58,491.6011,1193.7751
5,59,491.65643,1193.9202
5,60,491.62442,1193.9263
5,61,491.6962,1193.9609
5,62,492.11087,1194.8853
5,63,492.13248,1194.7166
5,64,494.89114,1195.5396
5,65,494.65823,1195.696
5,66,495.1377,1195.5011
5,67,495.13654,1195.437
5,68,495.2266,1195.7466
5,69,495.0531,1195.6078
5,70,494.92053,1194.2567
5,71,494.8655,1194.2004
5,72,494.8225,1194.1146
5,73,494.59665,1190.5486
5,74,494.7861,1190.6304
5,75,494.6964,1190.7477
5,76,495.79715,1192.805
5,77,495.83698,1192.7288
5,78,495.97626,1192.733
5,79,499.75073,1194.5464
5,80,499.82028,1194.5892
5,81,499.92215,1193.416
5,82,500.16922,1193.0239
5,83,500.15277,1193.0278
5,84,500.36563,1192.023
5,85,500.61966,1192.3394
5,86,500.69446,1192.3287
5,87,502.0497,1192.286
5,88,502.00455,1192.3422
5,89,501.9147,1192.3619
5,90,501.7425,1193.253
5,91,501.62433,1192.4723
5,92,501.67886,1192.5173
5,93,498.7452,1189.0175
5,94,498.81006,1188.9032
5,95,498.66562,1188.8284
5,96,497.16794,1190.0231
5,97,497.2953,1190.0238
5,98,495.50314,1194.0778
5,99,495.56082,1194.1976
5,100,495.63785,1194.2577
5,101,495.5636,1195.5134
5,102,495.365,1195.6174
5,103,495.18277,1195.7789
5,104,495.95288,1197.6556
5,105,496.05045,1197.6217
5,106,496.1246,1197.6439
5,107,496.55853,1199.5249
5,108,496.4867,1199.6454
5,109,496.39896,1199.4675
5,110,494.37643,1197.5377
5,111,494.34402,1197.6406
5,112,494.41382,1197.564
5,113,492.43274,1197.2162
5,114,492.4579,1197.2355
5,115,490.603,1198.5533
5,116,491.1675,1198.692
5,117,491.29865,1198.7175
5,118,490.94794,1198.8376
5,119,492.4186,1200.6926
5,120,492.0297,1200.5282
5,121,492.11163,1200.4482
5,122,495.07928,1200.2506
5,123,495.11646,1200.2726
5,124,495.17184,1200.3684
5,125,494.02097,1202.4667
5,126,494.15515,1202.5568
5,127,493.8708,1203.4707
5,128,493.8919,1203.3818
5,129,494.01138,1203.4164
5,130,493.2334,1204.5217
5,131,493.22464,1204.5945
5,132,491.60474,1202.9908
5,133,491.85687,1203.2552
5,134,491.89526,1203.3892
5,135,493.34634,1203.2128
5,136,493.73053,1203.2054
5,137,493.70758,1203.1553
5,138,493.93948,1203.0847
5,139,492.8742,1200.112
5,140,493.12177,1200.151
5,141,493.8438,1199.8756
5,142,494.1485,1200.1263
5,143,494.2294,1200.0487
5,144,494.4287,1200.3234
5,145,494.46713,1200.1948
5,146,494.56168,1200.2373
5,147,491.29706,1199.8759
5,148,491.31842,1199.941
5,149,491.30344,1199.847
5,150,493.3102,1198.5403
5,151,493.513,1198.5293
5,152,493.513,1198.5293
5,153,493.94434,1194.624
5,154,494.0358,1194.6487
5,155,495.4043,1193.7958
5,156,495.72244,1194.041
5,157,495.81183,1194.0188
5,158,496.375,1194.4653
5,159,496.27484,1194.2538
5,160,496.22382,1194.138
5,161,494.15277,1193.0039
5,162,494.1301,1193.188
5,163,494.08374,1193.2155
5,164,493.2686,1190.176
5,165,493.1059,1190.297
5,166,493.16882,1190.2612
5,167,492.5909,1193.9854
5,168,492.54977,1194.0387
5,169,492.42603,1193.9862
5,170,494.80606,1195.0321
5,171,494.64075,1194.9446
5,172,494.7971,1195.0371
5,173,499.13586,1198.098
5,174,499.54233,1198.3932
5,175,499.31494,1198.08
5,176,501.4411,1198.4244
5,177,501.47647,1198.4248
5,178,501.2242,1196.1624
5,179,501.23563,1196.536
5,180,501.1637,1196.2626
5,181,501.1846,1196.2521
5,182,498.9151,1192.5345
5,183,498.79712,1192.9988
5,184,497.4869,1189.5326
5,185,497.47165,1189.2212
5,186,497.49097,1189.3026
5,187,494.25348,1190.4508
5,188,494.44754,1190.5499
5,189,494.45883,1190.708
5,190,491.52182,1191.0353
5,191,491.6026,1191.1266
5,192,491.90244,1191.4506
5,193,492.13348,1190.1897
5,194,491.90836,1190.2716
5,195,492.74478,1190.9962
5,196,492.71725,1190.9852
5,197,492.61075,1190.861
5,198,492.54837,1191.0399
5,199,492.94116,1192.0928
5,200,493.1508,1192.0869
5,201,492.7191,1194.0334
5,202,492.97122,1194.0359
5,203,493.02164,1193.9827
5,204,490.69293,1191.9728
5,205,490.57935,1192.2057
5,206,490.50882,1192.3134
5,207,492.53397,1193.5898
5,208,492.5988,1193.2826
5,209,492.27292,1195.5319
5,210,492.31885,1195.4628
5,211,492.25848,1195.5471
5,212,490.5947,1195.9819
5,213,490.59778,1195.9816
5,214,490.62238,1196.0822
5,215,489.2008,1196.5232
5,216,489.37753,1196.4706
5,217,489.44174,1196.4935
5,218,487.2948,1199.0345
5,219,487.41757,1199.044
5,220,487.47372,1198.9819
5,221,489.75497,1199.2284
5,222,489.81317,1199.3741
5,223,489.8376,1199.2537
5,224,489.78647,1199.325
5,225,489.47708,1198.5404
5,226,489.42905,1198.4468
5,227,489.67844,1196.4269
5,228,489.3605,1196.3204
5,229,489.37347,1196.4673
5,230,490.43338,1194.0675
5,231,490.52365,1194.1426
5,232,490.619,1194.0665
5,233,492.75653,1192.1439
5,234,492.77475,1192.1741
5,235,490.32144,1189.1425
5,236,490.2549,1189.0023
5,237,490.1801,1188.9553
5,238,490.05942,1187.6632
5,239,489.84055,1187.541
5,240,489.76526,1187.4447
5,241,491.04486,1184.783
5,242,490.80908,1184.8788
5,243,490.97836,1184.6682
5,244,492.07578,1184.0681
5,245,492.1499,1184.0596
5,246,492.11853,1184.1305
5,247,493.51672,1183.7347
5,248,493.4315,1183.7748
5,249,492.21054,1179.0897
5,250,492.2657,1179.0796
5,251,492.18698,1179.4031
5,252,492.18698,1179.4031
5,253,491.90793,1176.3768
5,254,491.87958,1176.3737
5,255,493.4953,1173.7433
5,256,493.46225,1173.5721
5,257,493.4222,1173.6047
5,258,494.29184,1173.3419
5,259,494.1063,1173.3358
5,260,494.1308,1173.3733
5,261,495.77948,1175.463
5,262,495.85034,1175.3668
5,263,495.92596,1175.2897
5,264,494.08417,1177.5627
5,265,494.0784,1177.5529
5,266,494.19345,1175.8121
5,267,494.0264,1175.9835
5,268,494.11636,1175.885
5,269,491.53247,1175.6654
5,270,491.21597,1175.2526
5,271,491.0841,1175.356
5,272,491.01224,1175.3342
5,273,499.35907,1174.741
5,274,499.26938,1174.6991
5,275,499.3726,1174.5652
5,276,489.24945,1174.601
5,277,489.07074,1174.4594
5,278,488.73932,1172.8733
5,279,488.53043,1172.6466
5,280,488.7275,1172.6887
5,281,488.4336,1172.2761
5,282,488.6074,1172.3752
5,283,488.5266,1172.3405
5,284,488.62592,1170.2267
5,285,488.4561,1170.3319
5,286,488.52124,1170.4845
5,287,488.4845,1170.448
5,288,488.4632,1170.7423
5,289,488.58252,1170.9883
5,290,489.24518,1175.028
5,291,489.36063,1175.1179
5,292,489.3073,1175.1512
5,293,486.87866,1174.0714
5,294,486.99478,1173.9482
5,295,484.6338,1174.5715
5,296,484.87762,1174.5565
5,297,484.87827,1174.5273
5,298,483.0023,1174.788
5,299,482.9374,1174.8175
6,0,573.0999,969.4329
6,1,575.95337,967.6738
6,2,575.99744,967.7595
6,3,575.8431,967.7366
6,4,578.9298,967.98883
6,5,578.9424,968.01746
6,6,578.9341,967.99426
6,7,578.8644,967.94037
6,8,580.26556,968.6887
6,9,580.2663,968.68964
6,10,580.29236,968.7249
6,11,577.285,970.34454
6,12,577.25885,970.1691
6,13,576.5872,968.75134
6,14,576.62103,968.97784
6,15,576.63086,968.88715
6,16,574.8615,968.6249
6,17,574.97705,968.5008
6,18,574.9203,968.5198
6,19,574.2309,965.08453
6,20,574.1895,965.0799
6,21,574.1813,965.0252
6,22,577.5152,966.8182
6,23,577.54376,966.82904
6,24,577.5352,966.9756
6,25,577.348,965.84674
6,26,577.3244,965.8951
6,27,577.6203,965.4244
6,28,577.6401,965.4916
6,29,577.5971,965.52246
6,30,579.34955,961.7427
6,31,579.35034,961.5144
6,32,579.586,961.56903
6,33,580.27563,958.79565
6,34,580.2786,958.8012
6,35,580.239,958.8165
6,36,582.4495,960.45404
6,37,582.4593,960.5068
6,38,582.4643,960.4594
6,39,582.565,960.4429
6,40,582.31146,960.57935
6,41,584.1452,960.3514
6,42,584.02606,960.1907
6,43,584.0481,960.1098
6,44,585.1875,958.43475
6,45,585.14966,958.4802
6,46,585.17267,958.45166
6,47,585.7295,960.9528
6,48,585.64087,960.969
6,49,585.655,961.0444
6,50,583.342,960.2751
6,51,583.1921,960.3482
6,52,583.1921,960.3482
6,53,580.15906,957.2416
6,54,580.03046,956.96027
6,55,580.0611,956.9709
6,56,580.0172,956.93896
6,57,578.68286,953.2868
6,58,577.7696,953.4493
6,59,577.78156,953.417
6,60,577.79645,953.39185
6,61,577.79236,953.3691
6,62,576.93774,952.0996
6,63,576.87573,951.98975
6,64,577.22327,949.24054
6,65,577.2426,949.26746
6,66,577.2991,949.4519
6,67,577.3201,949.4546
6,68,577.9314,947.80426
6,69,577.9856,947.845
6,70,576.8321,950.67554
6,71,576.75,950.7374
6,72,576.6813,950.769
6,73,575.1378,951.45135
6,74,575.1195,951.34045
6,75,575.0683,951.3881
6,76,574.6352,950.6073
6,77,574.7132,950.69543
6,78,574.6758,950.6941
6,79,576.3607,952.5867
6,80,576.48895,952.5135
6,81,572.29285,952.98596
6,82,572.11743,952.905
6,83,572.1607,952.88947
6,84,569.89124,951.45355
6,85,570.009,951.20123
6,86,569.9783,951.375
6,87,568.41125,946.82153
6,88,568.4755,946.6706
6,89,568.48737,946.69037
6,90,568.4578,946.69525
6,91,568.3617,943.1347
6,92,568.37427,943.06116
6,93,567.3751,944.77905
6,94,567.0597,944.8087
6,95,567.06134,944.8535
6,96,564.7056,946.4145
6,97,564.6897,946.3672
6,98,560.9318,947.3776
6,99,560.8314,947.2165
6,100,560.8475,947.2582
6,101,559.69995,946.5376
6,102,559.6714,946.5656
6,103,559.73517,946.5028
6,104,560.62384,948.47217
6,105,560.6512,948.47144
6,106,560.6011,948.4936
6,107,560.9856,946.1329
6,108,560.8845,946.0177
6,109,560.8165,946.034
6,110,557.9998,942.47003
6,111,558.04034,942.38824
6,112,558.0828,942.2955
6,113,558.2972,943.648
6,114,558.18536,943.5731
6,115,557.1658,947.2274
6,116,556.96674,947.1665
6,117,557.0891,947.1541
6,118,557.028,947.1264
6,119,556.95465,947.7405
6,120,556.96875,947.7798
6,121,557.04694,947.8617
6,122,553.7548,946.9673
6,123,553.7579,946.9638
6,124,553.7682,946.9691
6,125,554.0679,945.7355
6,126,554.11456,945.726
6,127,552.27136,944.9065
6,128,552.22363,944.9372
6,129,552.2226,944.92804
6,130,551.4219,945.5373
6,131,551.4879,945.5081
6,132,552.2528,946.4469
6,133,552.23364,946.33026
6,134,552.27814,946.3715
6,135,553.85583,947.4078
6,136,553.7989,947.50476
6,137,553.77454,947.5229
6,138,553.75006,947.56195
6,139,553.99976,949.5735
6,140,554.09344,949.6074
6,141,554.5653,946.9249
6,142,554.49414,946.9679
6,143,554.55756,946.9509
6,144,555.29346,946.7698
6,145,555.2566,946.8054
6,146,555.1663,946.74567
6,147,552.61993,946.2824
6,148,552.6406,946.3428
6,149,552.6137,946.35046
6,150,552.751,947.3422
6,151,552.8862,947.57574
6,152,552.8862,947.57574
6,153,554.2562,949.4877
6,154,554.26587,949.48474
6,155,555.09985,953.63086
6,156,554.94727,953.5925
6,157,554.94116,953.54004
6,158,557.9337,956.7287
6,159,557.8386,956.65796
6,160,557.8659,956.6535
6,161,556.73987,956.2961
6,162,556.8095,956.24817
6,163,556.77094,956.21924
6,164,557.1313,957.755
6,165,557.00226,957.8747
6,166,556.9592,957.97595
6,167,558.33453,955.31036
6,168,558.3612,955.2752
6,169,558.33386,955.32324
6,170,559.2947,954.472
6,171,559.3034,954.44025
6,172,559.4467,954.3705
6,173,563.6854,952.9753
6,174,563.6578,952.9037
6,175,563.6897,952.882
6,176,561.9307,952.60474
6,177,561.91254,952.6245
6,178,559.90326,950.96875
6,179,559.91626,950.9346
6,180,559.85925,951.08704
6,181,559.785,951.17255
6,182,557.653,951.96204
6,183,557.7142,951.8518
6,184,558.6363,952.0323
6,185,558.5869,952.0022
6,186,558.5614,951.9636
6,187,558.8078,949.8747
6,188,558.9067,949.8121
6,189,558.9153,949.8246
6,190,557.5773,947.7096
6,191,557.56824,947.7371
6,192,557.5499,947.7609
6,193,555.72736,950.90234
6,194,555.71423,950.9393
6,195,552.88794,949.79584
6,196,552.8715,949.7409
6,197,552.9133,950.01935
6,198,553.0583,950.03204
6,199,551.30963,947.15186
6,200,551.3444,947.1324
6,201,553.95135,945.3338
6,202,553.9863,945.3469
6,203,553.94037,945.3086
6,204,552.8674,947.10034
6,205,552.997,947.06964
6,206,552.99365,946.9581
6,207,552.7112,948.1319
6,208,552.6515,948.21423
6,209,552.13367,951.0273
6,210,552.2019,951.09357
6,211,552.211,951.1588
6,212,552.30597,949.12775
6,213,552.34546,949.0838
6,214,552.36755,949.0648
6,215,552.45856,947.25946
6,216,552.5358,947.3018
6,217,552.4728,947.266
6,218,556.39606,951.4077
6,219,556.3499,951.4373
6,220,556.45715,951.48785
6,221,557.66254,951.60034
6,222,557.5521,951.68756
6,223,557.5427,951.7179
6,224,557.5358,951.7147
6,225,559.1451,948.3129
6,226,559.1332,948.24493
6,227,561.46313,945.359
6,228,561.5902,945.4214
6,229,561.78,945.39636
6,230,565.7715,944.867
6,231,565.8116,944.9225
6,232,565.8907,944.9383
6,233,568.0273,945.20605
6,234,568.03265,945.2019
6,235,569.5141,949.15063
6,236,569.5393,949.127
6,237,569.46387,949.09906
6,238,571.64777,949.98315
6,239,571.8115,950.00464
6,240,571.74005,950.0319
6,241,573.17926,953.9324
6,242,573.1936,953.9298
6,243,573.1911,953.86523
6,244,571.21765,954.04205
6,245,571.138,953.8741
6,246,571.13763,953.87335
6,247,572.0885,953.85724
6,248,572.1343,953.9181
6,249,571.2529,952.7195
6,250,571.2339,952.6727
6,251,571.28564,952.67664
6,252,571.28564,952.67664
6,253,570.8567,952.8812
6,254,570.8701,952.8414
6,255,570.4819,953.515
6,256,570.52106,953.39557
6,257,570.4338,953.39465
6,258,573.05786,952.2038
6,259,573.1024,952.1349
6,260,573.07404,952.14606
6,261,574.9625,954.5906
6,262,574.91693,954.5699
6,263,574.9616,954.5435
6,264,574.8818,956.6548
6,265,574.8205,956.6789
6,266,574.89685,954.46155
6,267,574.9013,954.4643
6,268,574.8138,954.44617
6,269,575.22705,954.73224
6,270,575.25995,954.8578
6,271,575.26764,954.898
6,272,575.2628,954.89703
6,273,575.15063,952.78375
6,274,575.0766,952.7288
6,275,575.053,952.6399
6,276,573.3062,950.7125
6,277,573.32477,950.61633
6,278,571.6708,954.18854
6,279,571.7295,954.22
6,280,571.89,954.3104
6,281,571.6724,957.05255
6,282,571.6453,957.02765
6,283,571.5501,957.0116
6,284,570.6046,957.6809
6,285,570.678,957.7111
6,286,570.4495,957.9285
6,287,570.4998,958.0446
6,288,570.517,958.0486
6,289,570.4921,958.1076
6,290,570.4579,958.0862
6,291,570.34656,957.96204
6,292,570.2818,957.9664
6,293,569.856,957.9113
6,294,569.78375,957.93384
6,295,572.4183,958.149
6,296,572.31506,958.0312
6,297,572.3916,958.07263
6,298,570.9953,955.2281
6,299,570.99646,955.31915
7,0,170.50697,285.12497
7,1,168.97781,286.80838
7,2,169.0685,286.75018
7,3,169.2762,286.7283
7,4,173.1162,284.3974
7,5,172.94127,284.68524
7,6,173.33289,284.1665
7,7,173.29413,284.07248
7,8,173.26663,281.71225
7,9,173.27155,281.7618
7,10,173.2202,281.75168
7,11,172.1401,281.1971
7,12,172.14055,281.171
7,13,171.78194,279.6607
7,14,171.6735,279.6968
7,15,171.60335,279.74207
7,16,175.46489,279.8335
7,17,175.47824,279.7385
7,18,175.57425,279.70322
7,19,176.95088,276.3216
7,20,176.92827,276.32242
7,21,176.93565,276.35043
7,22,175.39206,272.14798
7,23,175.45447,272.15726
7,24,175.4819,272.099
7,25,174.22346,270.23102
7,26,174.20505,270.1729
7,27,173.97862,270.63666
7,28,173.94865,270.64774
7,29,173.94286,270.64896
7,30,174.07039,271.30197
7,31,174.12721,271.29053
7,32,174.1187,271.25467
7,33,173.74414,268.58475
7,34,173.66873,268.50415
7,35,173.62065,268.48962
7,36,173.61833,267.1458
7,37,173.57437,267.14636
7,38,173.53821,267.16266
7,39,173.54659,267.1209
7,40,175.33594,271.23453
7,41,174.4289,271.1708
7,42,174.44664,271.09406
7,43,174.5467,271.0121
7,44,172.88419,269.24265
7,45,172.87122,269.24097
7,46,172.86337,269.24005
7,47,170.01526,269.42636
7,48,170.02066,269.36948
7,49,170.02834,269.37958
7,50,169.83202,267.24194
7,51,169.7947,267.24496
7,52,169.7947,267.24496
7,53,167.60342,267.12454
7,54,167.5997,267.1172
7,55,167.59332,267.12518
7,56,167.62,267.15347
7,57,167.9836,265.4169
7,58,167.70811,263.719
7,59,167.5897,263.69968
7,60,167.57918,263.72668
7,61,167.56473,263.73016
7,62,166.379,263.54367
7,63,166.37216,263.5263
7,64,167.14363,262.68182
7,65,167.1372,262.7933
7,66,167.13905,262.8131
7,67,167.13641,262.81555
7,68,165.0651,263.16934
7,69,165.06015,263.19446
7,70,161.65785,260.9586
7,71,161.58266,261.03104
7,72,161.60234,260.92792
7,73,160.24396,260.62698
7,74,160.32234,260.526
7,75,160.32043,260.50726
7,76,156.92099,258.84805
7,77,156.94572,258.8965
7,78,156.82211,258.84976
7,79,155.76639,259.88608
7,80,155.79303,259.81137
7,81,154.83759,257.9233
7,82,154.86404,257.95065
7,83,154.82516,257.8755
7,84,157.88249,259.78427
7,85,157.9341,259.9926
7,86,157.98683,260.03265
7,87,155.64697,258.77887
7,88,155.63469,258.80496
7,89,155.58087,258.78168
7,90,155.58536,258.78833
7,91,153.85117,257.23257
7,92,153.78394,257.2176
7,93,154.29941,257.6638
7,94,154.26555,257.71497
7,95,154.34097,257.7406
7,96,154.67967,259.078
7,97,154.6915,259.00214
7,98,156.83115,260.37314
7,99,156.79802,260.34946
7,100,156.81851,260.55252
7,101,157.67119,260.54993
7,102,157.78932,260.52386
7,103,157.77443,260.52222
7,104,158.47302,264.07867
7,105,158.44441,264.06256
7,106,158.46419,264.02097
7,107,158.29338,267.80536
7,108,158.36865,267.74664
7,109,158.33691,267.7749
7,110,159.7044,266.89383
7,111,159.78891,266.9075
7,112,159.89482,266.93826
7,113,158.54759,267.24393
7,114,158.58997,267.19943
7,115,161.26755,264.94928
7,116,161.28282,264.93796
7,117,161.3122,264.91586
7,118,161.35158,264.8135
7,119,160.00493,267.92526
7,120,159.97511,267.94153
7,121,160.0303,267.9205
7,122,158.36447,265.55853
7,123,158.34506,265.57654
7,124,158.37889,265.5307
7,125,161.0017,262.95752
7,126,160.97728,263.00577
7,127,161.10478,263.31055
7,128,161.1125,263.28476
7,129,161.13351,263.36133
7,130,160.77365,260.82388
7,131,160.74992,260.83926
7,132,163.46834,260.14886
7,133,163.52406,260.16187
7,134,163.45686,260.155
7,135,166.70941,258.2505
7,136,166.6907,258.3196
7,137,166.74475,258.2815
7,138,166.73515,258.28546
7,139,167.20323,259.84744
7,140,167.22733,259.80655
7,141,167.36856,260.54175
7,142,167.40717,260.5317
7,143,167.39948,260.4868
7,144,165.88286,260.70718
7,145,165.81793,260.67398
7,146,165.82875,260.69455
7,147,165.13272,258.5532
7,148,165.16806,258.5698
7,149,165.18983,258.54465
7,150,168.65141,257.01187
7,151,168.33125,257.0054
7,152,168.33125,257.0054
7,153,171.70041,258.60373
7,154,171.72194,258.5776
7,155,173.47456,258.40222
7,156,173.4512,258.3939
7,157,173.45901,258.41507
7,158,173.95013,256.11786
7,159,173.98674,256.13986
7,160,174.01326,256.1306
7,161,173.27435,257.85638
7,162,173.24382,257.82327
7,163,173.21579,257.818
7,164,174.40349,259.4517
7,165,174.35583,259.47668
7,166,174.32367,259.49512
7,167,172.29112,262.90823
7,168,172.19876,262.8589
7,169,172.17113,262.8203
7,170,171.49028,264.05377
7,171,171.48582,264.0327
7,172,171.50337,264.02548
7,173,171.94843,263.6367
7,174,172.04669,263.62402
7,175,172.08911,263.61298
7,176,171.57027,265.1914
7,177,171.56068,265.1462
7,178,171.66806,262.98547
7,179,171.64258,263.01895
7,180,171.62386,262.8946
7,181,171.58875,262.9098
7,182,171.37357,259.44595
7,183,171.31335,259.39313
7,184,170.2372,259.40155
7,185,170.26758,259.4863
7,186,170.20943,259.44528
7,187,171.12709,257.64606
7,188,171.1178,257.66443
7,189,171.13446,257.6626
7,190,173.11287,256.1026
7,191,173.09637,256.09982
7,192,173.09671,256.03525
7,193,174.43513,256.97202
7,194,174.43405,256.9722
7,195,174.0827,256.1366
7,196,174.0433,256.08896
7,197,174.14677,256.14243
7,198,174.1214,256.15002
7,199,172.79323,255.56044
7,200,172.57199,255.60077
7,201,169.75157,255.49336
7,202,169.74855,255.39162
7,203,169.81757,255.39455
7,204,168.90291,252.93243
7,205,168.94366,252.85886
7,206,168.92883,252.86661
7,207,170.26437,252.75972
7,208,170.226,252.75659
7,209,169.25458,255.31644
7,210,169.24428,255.29741
7,211,169.19841,255.2365
7,212,167.73137,255.76418
7,213,167.69025,255.70271
7,214,167.67465,255.72331
7,215,170.20604,252.90327
7,216,170.27216,252.81915
7,217,170.26956,252.9031
7,218,170.09818,250.55508
7,219,169.96075,250.56252
7,220,169.95908,250.56384
7,221,163.93878,247.03117
7,222,163.872,247.00716
7,223,163.94025,247.00345
7,224,163.90985,247.04814
7,225,160.94917,244.91321
7,226,161.0181,244.98094
7,227,159.82162,243.0734
7,228,159.93034,243.03793
7,229,160.02536,243.06778
7,230,158.85847,244.26375
7,231,158.88498,244.23816
7,232,158.87294,244.2705
7,233,157.37544,242.46327
7,234,157.31006,242.5375
7,235,159.6635,240.96295
7,236,159.65137,240.92322
7,237,159.60117,240.9228
7,238,159.95631,240.70738
7,239,159.9903,240.70566
7,240,159.96617,240.72697
7,241,157.5811,242.44861
7,242,157.60619,242.43895
7,243,157.65082,242.52133
7,244,157.1555,239.72017
7,245,157.15053,239.6796
7,246,157.21251,239.63364
7,247,159.87616,240.11304
7,248,159.72955,240.11632
7,249,162.36296,241.06567
7,250,162.45332,241.09474
7,251,162.49483,241.13362
7,252,162.49483,241.13362
7,253,163.48009,245.19815
7,254,163.46442,245.22052
7,255,161.24075,245.59372
7,256,161.25993,245.6463
7,257,161.21019,245.69455
7,258,160.93727,243.16368
7,259,161.30638,243.75502
7,260,161.347,243.8476
7,261,161.22226,237.18538
7,262,161.219,237.16472
7,263,161.2052,237.2148
7,264,160.63019,236.10944
7,265,160.59486,236.15512
7,266,159.53755,237.91588
7,267,159.54979,237.89818
7,268,159.54863,237.84506
7,269,159.67636,234.46806
7,270,159.63602,234.332
7,271,159.76253,234.34671
7,272,159.7663,234.36447
7,273,158.59384,234.15562
7,274,158.69174,234.16324
7,275,158.6906,234.17511
7,276,159.05594,234.62012
7,277,159.0244,234.62617
7,278,159.69025,234.95374
7,279,159.72327,234.95811
7,280,159.742,234.92888
7,281,161.56064,235.83707
7,282,161.58763,235.87541
7,283,161.59097,235.85452
7,284,161.6395,235.20743
7,285,161.66782,235.20671
7,286,158.86139,237.28174
7,287,158.78215,237.3289
7,288,158.79549,237.3108
7,289,158.85858,237.31702
7,290,155.90042,235.94615
7,291,155.9195,235.98083
7,292,155.9365,236.00085
7,293,155.51329,238.25093
7,294,155.41716,238.32652
7,295,155.54367,238.69894
7,296,155.51369,238.79549
7,297,155.42278,238.98264
7,298,156.83101,237.99437
7,299,156.88892,238.09254
8,0,87.41014,1169.7362
8,1,87.624504,1169.5796
8,2,87.60506,1169.507
8,3,87.658356,1169.4696
8,4,89.49325,1168.769
8,5,89.525665,1168.9375
8,6,89.66665,1168.8707
8,7,89.61517,1168.8942
8,8,89.05092,1169.3589
8,9,89.187126,1169.2625
8,10,78.4618,1141.8588
8,11,89.62616,1168.9293
8,12,89.77196,1168.9174
8,13,86.40656,1168.1091
8,14,86.24065,1168.021
8,15,86.44597,1167.6433
8,16,85.15412,1169.4751
8,17,85.431076,1169.4701
8,18,85.419304,1169.5682
8,19,85.584335,1168.7822
8,20,85.52618,1169.1106
8,21,85.64582,1169.2819
8,22,84.25624,1164.564
8,23,84.13951,1164.666
8,24,84.08535,1164.6793
8,25,83.75855,1167.9604
8,26,83.57858,1168.144
8,27,85.60546,1167.7665
8,28,86.071304,1167.5195
8,29,86.026474,1167.9043
8,30,85.63926,1168.6055
8,31,85.709076,1168.456
8,32,85.670944,1168.4492
8,33,84.78649,1172.5149
8,34,84.850655,1172.6228
8,35,84.76633,1172.5175
8,36,84.1359,1171.9148
8,37,83.96996,1171.8949
8,38,84.0008,1172.0867
8,39,84.09544,1172.1439
8,40,82.72986,1171.7693
8,41,81.2883,1171.8917
8,42,81.36738,1171.9028
8,43,81.39659,1171.9193
8,44,78.53752,1170.9583
8,45,78.31762,1171.1401
8,46,78.572914,1170.9727
8,47,53.945126,1141.6963
8,48,54.214226,1141.3254
8,49,54.339752,1140.8075
8,50,82.98196,1167.4463
8,51,82.62447,1167.4637
8,52,82.62447,1167.4637
8,53,83.93516,1167.0022
8,54,83.94565,1166.4873
8,55,83.799576,1166.8717
8,56,83.69486,1166.8953
8,57,86.41112,1163.5807
8,58,89.22659,1161.8608
8,59,89.21627,1162.0358
8,60,89.60725,1161.6622
8,61,51.583656,1153.5099
8,62,90.16946,1161.683
8,63,90.40406,1161.5938
8,64,112.10919,1142.1338
8,65,112.024635,1141.9498
8,66,87.444496,1161.5054
8,67,87.46202,1161.5533
8,68,91.60389,1160.4581
8,69,91.43221,1160.5188
8,70,93.658356,1160.0378
8,71,93.600555,1160.207
8,72,93.20112,1160.3138
8,73,91.69414,1161.0934
8,74,86.55824,1165.064
8,75,86.52772,1165.0261
8,76,93.48206,1159.2388
8,77,93.391594,1159.1809
8,78,93.281105,1159.1727
8,79,92.34612,1160.4015
8,80,92.008766,1160.3152
8,81,91.251335,1165.5361
8,82,93.04178,1162.2476
8,83,93.23894,1162.2601
8,84,92.73536,1163.6661
8,85,92.684715,1163.6212
8,86,92.69628,1163.6826
8,87,90.62239,1165.3353
8,88,90.83861,1165.2113
8,89,91.13838,1165.1941
8,90,91.06636,1165.1688
8,91,88.5989,1167.6511
8,92,89.315384,1167.2533
8,93,86.27604,1169.3824
8,94,86.44626,1169.5557
8,95,85.966255,1169.2074
8,96,86.275314,1170.5392
8,97,86.39858,1170.5654
8,98,85.17969,1175.0668
8,99,84.340164,1175.0673
8,100,84.13293,1175.1328
8,101,85.554855,1177.9235
8,102,84.322075,1176.6865
8,103,89.55178,1141.9071
8,104,83.64687,1176.5951
8,105,83.71154,1176.642
8,106,83.76918,1176.5609
8,107,72.11658,1159.9791
8,108,83.495674,1184.2871
8,109,72.14623,1159.4132
8,110,86.673935,1178.5837
8,111,86.78581,1178.2703
8,112,86.85752,1178.3224
8,113,85.746826,1177.8711
8,114,85.73994,1177.7936
8,115,82.80943,1178.9773
8,116,82.808266,1179.2886
8,117,82.65257,1179.1654
8,118,82.51835,1179.2035
8,119,81.19235,1177.7009
8,120,81.20214,1177.6
8,121,81.199326,1177.4794
8,122,79.77238,1178.427
8,123,79.75432,1178.6472
8,124,79.76434,1178.6288
8,125,79.867134,1179.9004
8,126,79.98891,1179.9463
8,127,79.76186,1179.9247
8,128,79.74984,1179.7727
8,129,79.72839,1179.8875
8,130,74.97537,1175.1052
8,131,75.02859,1175.0936
8,132,76.0983,1176.1748
8,133,76.08758,1176.1241
8,134,76.05777,1176.0739
8,135,76.93054,1176.843
8,136,76.1104,1176.8926
8,137,76.12901,1176.8314
8,138,76.101585,1176.8495
8,139,74.19638,1176.9152
8,140,74.60267,1176.7521
8,141,75.729935,1179.158
8,142,75.69688,1179.233
8,143,75.77663,1178.7155
8,144,76.12332,1177.6431
8,145,75.75278,1177.4956
8,146,75.61982,1177.2854
8,147,77.096535,1176.4574
8,148,77.16014,1176.4447
8,149,77.06516,1176.2546
8,150,77.84997,1176.9575
8,151,77.72722,1177.136
8,152,77.72722,1177.136
8,153,73.98114,1179.1903
8,154,73.95572,1179.2233
8,155,73.26566,1176.7759
8,156,73.33292,1176.7283
8,157,73.33296,1176.7051
8,158,72.6016,1174.8502
8,159,72.62322,1174.8566
8,160,72.54405,1174.8623
8,161,72.94542,1175.6206
8,162,73.038445,1175.7009
8,163,73.060905,1175.5288
8,164,71.25705,1177.0815
8,165,71.21778,1177.1702
8,166,71.21765,1177.2076
8,167,70.71133,1176.5516
8,168,70.77195,1176.5764
8,169,70.75047,1176.524
8,170,67.79221,1174.3649
8,171,67.8064,1174.6361
8,172,67.73144,1174.645
8,173,67.63981,1181.7178
8,174,66.89437,1179.8033
8,175,67.177246,1180.9639
8,176,68.80252,1183.745
8,177,68.77141,1183.7115
8,178,68.51964,1184.6407
8,179,68.386536,1184.3838
8,180,68.45613,1184.3232
8,181,68.4676,1184.3546
8,182,69.39831,1186.0824
8,183,69.396675,1186.1216
8,184,67.96432,1189.4077
8,185,68.07592,1187.8359
8,186,67.88659,1187.8163
8,187,66.89269,1190.2539
8,188,66.85802,1190.434
8,189,66.89877,1190.4639
8,190,66.294395,1189.9841
8,191,66.26028,1189.9546
8,192,66.33993,1190.0277
8,193,65.50509,1189.894
8,194,65.68546,1189.8776
8,195,65.703804,1188.9059
8,196,65.69513,1188.8002
8,197,65.723434,1188.7915
8,198,65.72084,1188.8875
8,199,65.88089,1189.3036
8,200,65.87121,1189.2975
8,201,65.59643,1189.7477
8,202,65.71083,1189.7628
8,203,65.76541,1189.7805
8,204,68.13344,1189.7015
8,205,67.93231,1189.7928
8,206,68.01495,1189.821
8,207,67.948845,1187.4875
8,208,67.968765,1187.4021
8,209,69.16968,1186.4011
8,210,69.0004,1186.5546
8,211,69.16325,1186.4738
8,212,68.78036,1185.4442
8,213,68.73173,1185.3627
8,214,68.77604,1185.4829
8,215,67.75253,1187.003
8,216,67.93553,1186.8306
8,217,67.887726,1186.9552
8,218,68.95155,1188.3615
8,219,69.01341,1188.2408
8,220,69.12348,1188.2778
8,221,70.42801,1189.1368
8,222,70.59775,1189.1162
8,223,70.61389,1189.0634
8,224,70.64541,1189.1307
8,225,74.13828,1184.3134
8,226,74.09002,1184.4413
8,227,69.81099,1181.7458
8,228,69.91448,1181.8156
8,229,69.923584,1181.7842
8,230,70.66921,1181.5199
8,231,70.78932,1181.6035
8,232,70.692116,1181.546
8,233,70.989815,1180.9398
8,234,71.03574,1180.9747
8,235,70.94216,1180.8926
8,236,70.88775,1180.7728
8,237,70.8509,1180.7185
8,238,70.685524,1182.0647
8,239,70.8321,1181.9817
8,240,70.76134,1182.0338
8,241,71.87058,1182.1376
8,242,71.90336,1182.1951
8,243,71.99368,1182.4115
8,244,70.611275,1184.7032
8,245,70.56198,1184.7625
8,246,70.37978,1184.6395
8,247,72.64117,1188.0286
8,248,72.568405,1188.1041
8,249,75.08775,1187.8524
8,250,75.041145,1187.7667
8,251,74.98515,1187.6602
8,252,74.98515,1187.6602
8,253,74.85834,1187.2738
8,254,74.9478,1187.1196
8,255,72.29856,1183.9243
8,256,72.250656,1184.029
8,257,72.24086,1184.0359
8,258,72.3095,1181.4586
8,259,72.277794,1181.5076
8,260,72.37702,1181.55
8,261,69.38412,1180.9153
8,262,69.419395,1180.8674
8,263,69.43067,1180.8574
8,264,71.27621,1179.1407
8,265,71.27367,1179.142
8,266,71.49307,1176.9271
8,267,71.49901,1176.894
8,268,71.50851,1176.9006
8,269,72.0195,1178.1534
8,270,72.10936,1178.2095
8,271,72.08489,1178.2158
8,272,72.12688,1178.2207
8,273,68.8854,1179.3539
8,274,68.86709,1179.4211
8,275,68.91776,1179.3363
8,276,67.43998,1179.7046
8,277,67.42978,1179.6799
8,278,68.70842,1176.03
8,279,68.72538,1176.0656
8,280,68.73158,1176.0576
8,281,69.627785,1175.4478
8,282,69.68119,1175.4979
8,283,69.69945,1175.4763
8,284,68.378845,1178.011
8,285,68.377884,1178.0037
8,286,67.74146,1174.977
8,287,67.83927,1174.9064
8,288,67.823814,1174.9205
8,289,67.84289,1174.957
8,290,68.94421,1172.1185
8,291,68.96636,1172.1104
8,292,68.950165,1172.0234
8,293,71.39694,1172.071
8,294,71.42764,1172.0708
8,295,71.456215,1173.2612
8,296,71.5164,1173.2697
8,297,71.519226,1173.2543
8,298,71.09462,1172.8899
8,299,71.10295,1172.8778
9,0,170.50697,285.12497
9,1,168.97781,286.80838
9,2,169.0685,286.75018
9,3,169.2762,286.7283
9,4,173.1162,284.3974
9,5,172.94127,284.68524
9,6,173.33289,284.1665
9,7,173.29413,284.07248
9,8,173.26663,281.71225
9,9,173.27155,281.7618
9,10,173.2202,281.75168
9,11,172.1401,281.1971
9,12,172.14055,281.171
9,13,171.78194,279.6607
9,14,171.6735,279.6968
9,15,171.60335,279.74207
9,16,175.46489,279.8335
9,17,175.47824,279.7385
9,18,175.57425,279.70322
9,19,176.95088,276.3216
9,20,176.92827,276.32242
9,21,176.93565,276.35043
9,22,175.39206,272.14798
9,23,175.45447,272.15726
9,24,175.4819,272.099
9,25,174.22346,270.23102
9,26,174.20505,270.1729
9,27,173.97862,270.63666
9,28,173.94865,270.64774
9,29,173.94286,270.64896
9,30,174.07039,271.30197
9,31,174.12721,271.29053
9,32,174.1187,271.25467
9,33,173.74414,268.58475
9,34,173.63599,268.47427
9,35,173.66766,268.50864
9,36,173.61833,267.1458
9,37,173.57437,267.14636
9,38,173.53821,267.16266
9,39,173.54659,267.1209
9,40,175.33594,271.23453
9,41,174.4289,271.1708
9,42,174.44664,271.09406
9,43,174.5467,271.0121
9,44,172.88419,269.24265
9,45,172.87122,269.24097
9,46,172.79901,269.21786
9,47,170.01526,269.42636
9,48,170.02066,269.36948
9,49,170.02834,269.37958
9,50,169.83202,267.24194
9,51,169.7947,267.24496
9,52,169.7947,267.24496
9,53,167.60342,267.12454
9,54,167.5997,267.1172
9,55,167.59332,267.12518
9,56,167.62,267.15347
9,57,167.9836,265.4169
9,58,167.70811,263.719
9,59,167.5897,263.69968
9,60,167.57918,263.72668
9,61,167.56473,263.73016
9,62,166.379,263.54367
9,63,166.37216,263.5263
9,64,167.14363,262.68182
9,65,167.1372,262.7933
9,66,167.13905,262.8131
9,67,167.13641,262.81555
9,68,165.0651,263.16934
9,69,165.06015,263.19446
9,70,161.65785,260.9586
9,71,161.58266,261.03104
9,72,161.60234,260.92792
9,73,160.2361,260.61945
9,74,160.32234,260.526
9,75,160.32043,260.50726
9,76,156.92091,258.84808
9,77,156.9456,258.8966
9,78,156.82208,258.84982
9,79,155.76628,259.88617
9,80,155.79292,259.81143
9,81,154.83762,257.92358
9,82,154.86389,257.95102
9,83,154.82521,257.87582
9,84,157.8825,259.78427
9,85,157.93408,259.9926
9,86,157.98683,260.03265
9,87,155.6469,258.7789
9,88,155.63455,258.805
9,89,155.58072,258.78168
9,90,155.585,258.7886
9,91,153.85109,257.23242
9,92,153.78397,257.21735
9,93,154.29837,257.66483
9,94,154.26494,257.71533
9,95,154.3402,257.74066
9,96,154.63506,259.06067
9,97,154.69127,259.00238
9,98,156.83113,260.37314
9,99,156.798,260.34946
9,100,156.81859,260.55252
9,101,157.67082,260.55035
9,102,157.7816,260.54303
9,103,157.76437,260.54477
9,104,158.47304,264.07867
9,105,158.44443,264.06256
9,106,158.46419,264.02097
9,107,158.29333,267.8054
9,108,158.36864,267.74664
9,109,158.33691,267.77493
9,110,159.7044,266.89383
9,111,159.78891,266.9075
9,112,159.89482,266.93826
9,113,158.5474,267.24417
9,114,158.58963,267.1998
9,115,161.26755,264.94928
9,116,161.28282,264.93796
9,117,161.3122,264.91586
9,118,161.35158,264.8135
9,119,160.00493,267.92526
9,120,159.97511,267.94153
9,121,160.0303,267.9205
9,122,158.36438,265.55862
9,123,158.34505,265.57654
9,124,158.37874,265.53085
9,125,161.0017,262.95752
9,126,160.97728,263.00577
9,127,161.10478,263.31055
9,128,161.1125,263.28476
9,129,161.13351,263.36133
9,130,160.77365,260.82388
9,131,160.74992,260.83926
9,132,163.46834,260.14886
9,133,163.52406,260.16187
9,134,163.45686,260.155
9,135,166.70941,258.2505
9,136,166.6907,258.3196
9,137,166.74475,258.2815
9,138,166.73515,258.28546
9,139,167.20323,259.84744
9,140,167.22733,259.80655
9,141,167.36856,260.54175
9,142,167.40717,260.5317
9,143,167.39948,260.4868
9,144,165.88286,260.70718
9,145,165.81793,260.67398
9,146,165.82875,260.69455
9,147,165.13272,258.5532
9,148,165.16806,258.5698
9,149,165.18983,258.54465
9,150,168.65141,257.01187
9,151,168.33125,257.0054
9,152,168.33125,257.0054
9,153,171.70041,258.60373
9,154,171.72194,258.5776
9,155,173.47456,258.40222
9,156,173.4512,258.3939
9,157,173.45901,258.41507
9,158,173.95013,256.11786
9,159,173.98674,256.13986
9,160,174.01326,256.1306
9,161,173.27435,257.85638
9,162,173.24382,257.82327
9,163,173.21579,257.818
9,164,174.40349,259.4517
9,165,174.35583,259.47668
9,166,174.32367,259.49512
9,167,172.29112,262.90823
9,168,172.19876,262.8589
9,169,172.17113,262.8203
9,170,171.49028,264.05377
9,171,171.48582,264.0327
9,172,171.50337,264.02548
9,173,171.94843,263.6367
9,174,172.04669,263.62402
9,175,172.08911,263.61298
9,176,171.57027,265.1914
9,177,171.56068,265.1462
9,178,171.66806,262.98547
9,179,171.64258,263.01895
9,180,171.62386,262.8946
9,181,171.58875,262.9098
9,182,171.37357,259.44595
9,183,171.31335,259.39313
9,184,170.2372,259.40155
9,185,170.26758,259.4863
9,186,170.20943,259.44528
9,187,171.12709,257.64606
9,188,171.1178,257.66443
9,189,171.13446,257.6626
9,190,173.11287,256.1026
9,191,173.09637,256.09982
9,192,173.09671,256.03525
9,193,174.43513,256.97202
9,194,174.43405,256.9722
9,195,174.0827,256.1366
9,196,174.0433,256.08896
9,197,174.14677,256.14243
9,198,174.1214,256.15002
9,199,172.77751,255.60971
9,200,172.57199,255.60077
9,201,169.75157,255.49336
9,202,169.74855,255.39162
9,203,169.81757,255.39455
9,204,168.90291,252.93243
9,205,168.94366,252.85886
9,206,168.92883,252.86661
9,207,170.26437,252.75972
9,208,170.226,252.75659
9,209,169.25458,255.31644
9,210,169.24428,255.29741
9,211,169.19841,255.2365
9,212,167.73137,255.76418
9,213,167.69025,255.70271
9,214,167.67465,255.72331
9,215,170.20604,252.90327
9,216,170.27216,252.81915
9,217,170.26956,252.9031
9,218,170.09818,250.55508
9,219,169.96075,250.56252
9,220,169.95908,250.56384
9,221,163.93878,247.03117
9,222,163.872,247.00716
9,223,163.94025,247.00345
9,224,163.90985,247.04814
9,225,160.94917,244.91321
9,226,161.0181,244.98094
9,227,159.82162,243.0734
9,228,159.93034,243.03793
9,229,160.02536,243.06778
9,230,158.85847,244.26375
9,231,158.88496,244.23816
9,232,158.87294,244.2705
9,233,157.37547,242.46324
9,234,157.31007,242.53749
9,235,159.66347,240.96295
9,236,159.65138,240.92319
9,237,159.6012,240.92278
9,238,159.95634,240.70734
9,239,159.9903,240.70566
9,240,159.96617,240.72697
9,241,157.58109,242.44858
9,242,157.60617,242.43887
9,243,157.65092,242.52121
9,244,157.15561,239.71994
9,245,157.15054,239.6785
9,246,157.21223,239.6329
9,247,159.87666,240.11288
9,248,159.73012,240.11609
9,249,162.36298,241.06563
9,250,162.4533,241.09476
9,251,162.49478,241.13364
9,252,162.49478,241.13364
9,253,163.48009,245.19815
9,254,163.46442,245.22052
9,255,161.24075,245.59372
9,256,161.25993,245.6463
9,257,161.21019,245.69455
9,258,160.93727,243.16368
9,259,161.30638,243.75502
9,260,161.347,243.8476
9,261,161.22244,237.18591
9,262,161.21928,237.1654
9,263,161.20552,237.21516
9,264,160.63513,236.11385
9,265,160.59862,236.15962
9,266,159.53769,237.9167
9,267,159.5499,237.89896
9,268,159.54875,237.84592
9,269,159.67494,234.472
9,270,159.63493,234.33748
9,271,159.7575,234.359
9,272,159.76057,234.37744
9,273,158.59824,234.15762
9,274,158.69646,234.16449
9,275,158.69438,234.17691
9,276,159.05496,234.62234
9,277,159.02348,234.62686
9,278,159.69179,234.95842
9,279,159.72377,234.96602
9,280,159.7423,234.93665
9,281,161.56166,235.84203
9,282,161.58829,235.88106
9,283,161.59224,235.85936
9,284,161.64058,235.20842
9,285,161.66936,235.20853
9,286,158.8615,237.28276
9,287,158.80086,237.31772
9,288,158.77145,237.3249
9,289,158.85829,237.31764
9,290,155.9002,235.94904
9,291,155.9201,235.98538
9,292,155.93713,236.00659
9,293,155.5136,238.25124
9,294,155.41704,238.32672
9,295,155.54285,238.69902
9,296,155.51288,238.7956
9,297,155.42151,238.98315
9,298,156.8325,237.99603
9,299,156.89024,238.09392
